"iso","adm1","adm2","umd_tree_cover_loss__year","umd_tree_cover_loss__ha","gfw_gross_emissions_co2e_all_gases__Mg"
"USA",33,1,2001,98.83319473501513635,31253.357065579081796
"USA",33,2,2001,100.8499736062892792,28214.17011697080374
"USA",33,3,2001,1.170577554635417,203.0366915277835
"USA",33,4,2001,51.50563156915797277,16508.408146956497202
"USA",33,5,2001,69.42416453636492736,21069.414660494961146
"USA",33,6,2001,11.745235025848525225,2873.0179220793192179
"USA",33,7,2001,63.52513653406255201,16518.08915445255731
"USA",33,8,2001,26.7320400867426258,7139.37945495041006
"USA",33,9,2001,129.17705731106758743,40318.057225434880085
"USA",33,10,2001,708.34356773010989801,174558.43141234614664
"USA",33,11,2001,70.978604280538214370,21768.574629729637752
"USA",33,12,2001,24.99983744060981322,7801.53290064480233
"USA",33,13,2001,89.63993888676647265,29893.663400628020512
"USA",33,14,2001,113.32783895084641583,33250.51736190385178
"USA",33,15,2001,55.898489922319930945,12129.7273070157820946
"USA",33,16,2001,260.777436859691545896,73169.665470898544451
"USA",33,17,2001,375.99155477343742501,95513.929006292715170
"USA",33,18,2001,127.418907311145844185,39153.513647493876320
"USA",33,19,2001,5.15290979158203147,1305.092501609983268
"USA",33,20,2001,73.75090351913418159,26509.46748613120725
"USA",33,21,2001,159.53323538422749995,53868.570940110022759
"USA",33,22,2001,175.53878424801851228,50193.324069446116372
"USA",33,23,2001,45.239502370696586110,9970.5942712086982823
"USA",33,24,2001,0.11725451682291667,17.02686732669342
"USA",33,25,2001,2.08268196540798612,312.189530545468632
"USA",33,26,2001,82.864339765414502636,24128.110602637587428
"USA",33,27,2001,10.30243976373914976,2793.702421103734299
"USA",33,28,2001,80.08560814785811050,22953.599940854927310
"USA",33,29,2001,33.76352339221570422,8237.509051286264907
"USA",33,30,2001,92.165866798359348954,28455.851176473006708
"USA",33,31,2001,18.61589853875434545,5162.888327034910518
"USA",33,32,2001,0.05854040342664931,4.29664283355258
"USA",33,33,2001,13.83751776655816911,1913.0401284397692722
"USA",33,34,2001,188.19568656200513307,52760.005960110300064
"USA",33,35,2001,77.77862735808157403,19447.921201729161125
"USA",33,36,2001,12.67451053413194184,3263.986811172885774
"USA",33,37,2001,244.577878230496981611,57952.153600492731110
"USA",33,38,2001,4.62372048636501657,909.567076461413816
"USA",33,39,2001,70.718697522539119380,17427.410360555129308
"USA",33,40,2001,132.040756101553789574,44163.846314468539642
"USA",33,41,2001,25.18730047930772993,6855.554963591674207
"USA",33,42,2001,0.93793568071397584,225.24309182364421
"USA",33,43,2001,153.1297365662867314,51817.3587527433757
"USA",33,44,2001,3.87990925891927012,1061.134325591102996
"USA",33,45,2001,68.58483455943371076,22549.577134261404406
"USA",33,46,2001,508.803706259672778015,129690.458692992181807
"USA",33,47,2001,298.74792630974376352,98165.61000460742377
"USA",33,48,2001,40.04006318571832743,11816.4845105685251
"USA",33,49,2001,100.58286870091797866,36640.006382596439531
"USA",33,50,2001,18.2484600778797790,5417.85312550296321
"USA",33,51,2001,2.44287902929470482,525.406684824593250
"USA",33,52,2001,86.95333927981359113,23148.57080907608217
"USA",33,53,2001,345.81289014521501034,91751.689722011116938
"USA",33,54,2001,56.459900933732626694,15468.729973493698333
"USA",33,55,2001,54.6018572679730761,17888.90889068449914
"USA",33,56,2001,18.471994547322063785,5973.695790760139299
"USA",33,57,2001,125.580849760486118715,30370.211547333199659
"USA",33,58,2001,158.202435231310835301,52859.502159950780438
"USA",33,59,2001,137.87568112449659212,43876.214203079594507
"USA",33,60,2001,14.95762276173394430,3202.969484744799923
"USA",33,61,2001,84.44828604520184238,25639.993372846008694
"USA",33,62,2001,11.71493467699218716,2933.012843878361523
"USA",33,63,2001,4.84304734919487895,1119.759711511125975
"USA",33,1,2002,60.314741512851605095,19313.918065190469329
"USA",33,2,2002,69.2956187079036257,20766.8276119797526
"USA",33,3,2002,3.74698022764105838,988.14574266445291
"USA",33,4,2002,55.90482082259762259,19040.317808791670394
"USA",33,5,2002,95.999781697109348024,31178.985846832229296
"USA",33,6,2002,30.01054695998046240,8828.885941744057453
"USA",33,7,2002,47.48921336217237871,13206.14908318913429
"USA",33,8,2002,27.35811449861542419,8620.241832110035653
"USA",33,9,2002,55.97473779193791763,17994.403672466499791
"USA",33,10,2002,627.02519450767677543,161043.023328142567680
"USA",33,11,2002,74.06479330994134627,25813.767193966561818
"USA",33,12,2002,22.0387825622612794,7477.73370225469168
"USA",33,13,2002,83.35635316735453627,28537.077197350473508
"USA",33,14,2002,108.282784498873716866,33067.049838549831215
"USA",33,15,2002,30.4700140837478301,7839.66700946674497
"USA",33,16,2002,232.49089233753475214,72692.069790575131992
"USA",33,17,2002,553.83237724334307250,150917.435488166319918
"USA",33,18,2002,62.004855229915363094,20555.120701709823271
"USA",33,19,2002,4.02024582390842065,941.3366167821343394
"USA",33,20,2002,53.10064110561631266,18600.796734910845824
"USA",33,21,2002,75.579315399913191422,25264.115153586393582
"USA",33,22,2002,133.13724008593969719,42137.036051175126043
"USA",33,23,2002,100.38041448242388481,22884.951794810867585
"USA",33,24,2002,0.88044591568142372,101.713575460878007
"USA",33,25,2002,0.785904152521701324,221.0239530428266914
"USA",33,26,2002,125.872857837543455496,33947.931019718964292
"USA",33,27,2002,19.49521336955082448,5656.178723142172052
"USA",33,28,2002,42.07730786073346765,15505.47745941184025
"USA",33,29,2002,39.068477297272130894,10225.443425337715330
"USA",33,30,2002,12.697786547065973375,3217.120827803707266
"USA",33,31,2002,15.87376870709852969,4847.8762877898898475
"USA",33,33,2002,3.61029539306206632,581.365883220895742
"USA",33,34,2002,93.295229201677566090,24990.579077791135572
"USA",33,35,2002,57.66067728106117930,15227.53822326315705
"USA",33,36,2002,19.97296721888019973,5527.53507861796706
"USA",33,37,2002,113.94708515819464895,31777.130492900989307
"USA",33,38,2002,5.975992011427951994,1340.8991195962751177
"USA",33,39,2002,72.211577666108864344,17103.872420221991077
"USA",33,40,2002,118.98355175860029868,46597.319123304858405
"USA",33,41,2002,33.720371425362402485,10211.267802727285343
"USA",33,42,2002,0.93846736419270830,241.823637884406854
"USA",33,43,2002,93.73245590824418156,32196.243853298552998
"USA",33,44,2002,1.6458112420638022,403.95716277618137
"USA",33,45,2002,20.8076407932986102,6431.89097789084844
"USA",33,46,2002,351.33804957450905497,94379.309044729985942
"USA",33,47,2002,144.456463778198934164,50787.708852927218151
"USA",33,48,2002,13.97192332450303392,4373.13348022630707
"USA",33,49,2002,77.76909324409296801,28924.246680817338434
"USA",33,50,2002,41.93473764470268694,12678.923318774756877
"USA",33,51,2002,9.98548606068576375,2839.4559925741285095
"USA",33,52,2002,75.10958353865459985,20472.49963445351509
"USA",33,53,2002,207.36177920857899401,58966.92635479176406
"USA",33,54,2002,48.55078351123701461,11536.499489355817441
"USA",33,55,2002,71.5651039946287345,24526.52887396319644
"USA",33,56,2002,20.23452881782769173,6858.547576326245275
"USA",33,57,2002,65.071207224971782504,20612.960155300242709
"USA",33,58,2002,131.932026043029343781,47394.904305048104758
"USA",33,59,2002,52.54673975304469282,19497.53604127344869
"USA",33,60,2002,32.68669396105902978,7637.205111100332426
"USA",33,61,2002,68.33455399835279809,22079.6341604258848927
"USA",33,62,2002,7.7941153111371485,2030.8199926665780
"USA",33,63,2002,8.02951713808810837,2029.20359345329664
"USA",33,1,2003,3.75938864846354189,1295.48302623407482
"USA",33,2,2003,68.15379246675552712,21658.214375587280655
"USA",33,3,2003,0.5850208390190973,81.4593918248121
"USA",33,4,2003,115.4861151959964288,45646.16033899933410
"USA",33,5,2003,28.937779926395388916,8936.15481767040143
"USA",33,6,2003,26.37559326110025819,7571.770097436908369
"USA",33,7,2003,10.99792236391927308,2801.753927009036103
"USA",33,8,2003,33.51794027393878781,11007.421462786202114
"USA",33,9,2003,80.539312432628092514,31952.103242044711499
"USA",33,10,2003,506.92942350818618532,132605.762035046365866
"USA",33,11,2003,28.05365904333550883,9061.82068124490274
"USA",33,12,2003,25.6142261406705737,9868.99144923516139
"USA",33,13,2003,57.4504759012065692,19585.8140663018677
"USA",33,14,2003,55.083209503042491904,17538.672986620114929
"USA",33,15,2003,5.39427458950954942,1290.383807977430405
"USA",33,16,2003,125.799318020477395874,39144.956947791352295
"USA",33,17,2003,409.54377736588335362,112114.081149117793869
"USA",33,18,2003,24.30243747624132091,8173.955077133402675
"USA",33,19,2003,2.947446273958333004,838.66575212540560
"USA",33,20,2003,17.3407091366449645,6267.0941052386024
"USA",33,21,2003,50.28455939850909959,16406.538059881477958
"USA",33,22,2003,73.004929491768585276,21882.883431225042089
"USA",33,23,2003,109.95261055849869330,24974.510709111453224
"USA",33,24,2003,0.35225068116319444,41.998559597638645
"USA",33,26,2003,68.82928908031033386,19512.290893811255182
"USA",33,27,2003,40.87021683993286315,11273.415430249320842
"USA",33,28,2003,36.1437656714214123,13640.77249503594842
"USA",33,29,2003,25.3468081986480182,6662.8494506477455
"USA",33,30,2003,2.778058758420139234,988.893694160710376
"USA",33,31,2003,12.58936203363281368,4150.57711527349528
"USA",33,33,2003,1.57931871983940969,305.997366215499270
"USA",33,34,2003,48.51718374824220394,15107.155199541460849
"USA",33,35,2003,56.74623641568576253,16519.972805806105068
"USA",33,36,2003,8.851806377285156464,2551.702322749826086
"USA",33,37,2003,28.675235896655817046,9219.542704605540235
"USA",33,38,2003,1.5796099115125870,281.95916147275163
"USA",33,39,2003,78.73555998983507261,20388.5714165151094654
"USA",33,40,2003,21.18912094199001396,8086.32608255770477
"USA",33,41,2003,13.172893245518667,4269.0877108669725
"USA",33,42,2003,0.17575003220486113,55.3714635227597
"USA",33,43,2003,65.15180661689675243,22888.475476284358224
"USA",33,44,2003,2.82124454296874992,923.73698096741119
"USA",33,45,2003,16.196025294129758,5349.145731020023
"USA",33,46,2003,372.85340988684245438,95769.012590852608497
"USA",33,47,2003,88.97973258348751856,31808.581707786934604
"USA",33,48,2003,6.30052980768446101,2154.7979871686010
"USA",33,49,2003,6.4426243852560763,2711.7685518441663
"USA",33,50,2003,21.16691172230033607,6641.24433651818109
"USA",33,51,2003,2.55380137223090267,702.630803683240433
"USA",33,52,2003,75.51867634157987763,20223.546751630975877
"USA",33,53,2003,208.45615385913191323,60440.521325927063924
"USA",33,54,2003,21.1136185651844554,6547.002682934310425
"USA",33,55,2003,61.2253631091644518,21942.9651999780404
"USA",33,56,2003,66.48762585318574832,24974.52649577144338
"USA",33,57,2003,26.597194570696606364,8186.876471485604961
"USA",33,58,2003,42.38914207769315063,15249.991438668097472
"USA",33,59,2003,13.724806109435765004,4908.441529076731134
"USA",33,60,2003,15.29828466315755111,3998.076324383875751
"USA",33,61,2003,36.02500690258033737,11837.88510190791791
"USA",33,62,2003,9.1052525412065983,2654.4975962097320
"USA",33,63,2003,5.240795289904513415,1460.070747419379900
"USA",33,1,2004,92.74005822612208020,30368.28024172140412
"USA",33,2,2004,107.5136426350501205,33481.035085264356854
"USA",33,3,2004,1.990644602769097,479.09277890919344
"USA",33,4,2004,65.30546466530388247,24168.061300694382223
"USA",33,5,2004,161.320535260416599659,52615.927207092383912
"USA",33,6,2004,34.989913560251735006,8153.510274363748566
"USA",33,7,2004,149.41725087529296390,43247.444453740393573
"USA",33,8,2004,63.271573601089420946,19749.892123083928927
"USA",33,9,2004,107.09672814311618611,38175.42280530005348
"USA",33,10,2004,867.24031915856771306,229128.171647694147738
"USA",33,11,2004,45.268286396970497436,15379.253781983539076
"USA",33,12,2004,40.471441017936199694,14895.87734468651189
"USA",33,13,2004,105.750346426280333446,35991.824512713126970
"USA",33,14,2004,174.93573224257348336,54257.453716966578546
"USA",33,15,2004,126.29990428760375699,32821.174034050970684
"USA",33,16,2004,336.355315914281877106,104522.764224462013580
"USA",33,17,2004,765.105785396452110615,208107.962646972519719
"USA",33,18,2004,133.413050141532175304,44559.804661114884066
"USA",33,19,2004,6.11278014013237880,1650.467939552274413
"USA",33,20,2004,83.493279321829361015,29882.578447684704676
"USA",33,21,2004,108.208049562326342634,34413.22462787793462
"USA",33,22,2004,178.674505654654666118,53896.948318146187344
"USA",33,23,2004,67.54396315558596831,12930.277390000652753
"USA",33,24,2004,0.5871983131944445,79.298039528398183
"USA",33,25,2004,4.6097853830837662,538.792421535188644
"USA",33,26,2004,228.23610157556368554,66224.720537404948002
"USA",33,27,2004,15.990482504253477076,4321.699237347596844
"USA",33,28,2004,74.21255099311851468,25421.59842454228857
"USA",33,29,2004,59.43507821861326256,16576.67037528021397
"USA",33,30,2004,30.7364704932725782,9873.3797711555621571
"USA",33,31,2004,17.75170689714843899,5298.231230290718610
"USA",33,32,2004,0.05853583851779514,7.647435416527718
"USA",33,33,2004,12.0247735880143261,1996.081534029431954
"USA",33,34,2004,180.00862423005645132,56179.13764738819925
"USA",33,35,2004,88.69886644607634450,24912.643397887398190
"USA",33,36,2004,25.6558280737109345,7368.95026801189096
"USA",33,37,2004,132.83506046981962231,40516.9573607334451005
"USA",33,38,2004,13.64653028937933616,3808.734884518207004
"USA",33,39,2004,107.185878967202660124,25582.406344415489161
"USA",33,40,2004,71.85816924151032432,25124.08269529993399
"USA",33,41,2004,20.89155644000651508,6867.43905890748469
"USA",33,42,2004,1.1725051247960069,313.182731600143648
"USA",33,43,2004,119.95210409961571874,42805.501207383610446
"USA",33,44,2004,5.5220316122526052,1705.9465861376381
"USA",33,45,2004,22.435244803400619455,7094.07386406414782
"USA",33,46,2004,565.99237933198805690,137174.593063303070781
"USA",33,47,2004,620.195617344463052885,214409.893541986592654
"USA",33,48,2004,30.659547811310753836,10608.990571154156100
"USA",33,49,2004,65.98923915938371709,25656.152527138974645
"USA",33,50,2004,42.22770088591581043,12653.97481793478364
"USA",33,51,2004,15.027391145696629016,3925.247897631897852
"USA",33,52,2004,113.004591192395914314,29969.402082392243312
"USA",33,53,2004,256.400080267382237404,79894.277208539668497
"USA",33,54,2004,144.2099605967840383,44790.90989295644033
"USA",33,55,2004,89.371043351167595384,33043.588321412594595
"USA",33,56,2004,68.6260857287954865,24145.5521883116114
"USA",33,57,2004,129.277410867348073989,41768.732081218735200
"USA",33,58,2004,466.81356338881100082,171168.184430015138936
"USA",33,59,2004,104.45941503403216346,37008.49534506940069
"USA",33,60,2004,21.91073494992621436,5068.472042828115590
"USA",33,61,2004,37.915093804665670796,12253.436975655421452
"USA",33,62,2004,32.3199717858854689,9217.841868417061317
"USA",33,63,2004,16.91195010843316128,4797.225555249572683
"USA",33,1,2005,63.05372588981550245,21411.3257375444059866
"USA",33,2,2005,112.341124548105519205,35728.849347431473676
"USA",33,3,2005,5.849298868042531,1688.7278562791869
"USA",33,4,2005,53.08500071238290671,19324.109599733988452
"USA",33,5,2005,160.684220442912270169,55915.009877072052932
"USA",33,6,2005,28.967249952343746586,8160.127907398120954
"USA",33,7,2005,116.2986326029816582,34649.120081335378015
"USA",33,8,2005,32.98780701224387237,9992.889463580444423
"USA",33,9,2005,45.7743498139561357,15426.5936319720892
"USA",33,10,2005,1279.169413822214555955,349646.717361598882887
"USA",33,11,2005,57.84039022038410125,19464.97885130659242
"USA",33,12,2005,14.07243115396701679,4225.104213811196346
"USA",33,13,2005,79.00242324055116906,28374.82287643778064
"USA",33,14,2005,151.228192256514196686,49360.531796278796789
"USA",33,15,2005,99.03447148813136250,25274.55363628743787
"USA",33,16,2005,373.760202383367907175,118497.306755276421140
"USA",33,17,2005,1564.11486712212943884,440863.6408500576360106
"USA",33,18,2005,70.726249400640172765,23274.180670021336141
"USA",33,19,2005,9.1166898571961800,2589.15542940355836
"USA",33,20,2005,92.842972076992232404,32828.532395173110202
"USA",33,21,2005,174.737845223786868443,56295.497226797961059
"USA",33,22,2005,225.57835439559901045,69635.409216091311346
"USA",33,23,2005,55.760758455151913454,13633.9274780305776435
"USA",33,24,2005,0.64580299580729171,132.11467402889204
"USA",33,25,2005,0.3351508801388889,46.690840347260995
"USA",33,26,2005,261.72983916671669216,79242.962347555740957
"USA",33,27,2005,10.58487657619357574,2874.039683957586345
"USA",33,28,2005,35.22068804755642741,11790.126189590139418
"USA",33,29,2005,55.36773925733286138,15454.556287864614563
"USA",33,30,2005,18.8269039085763807,5472.12354692334744
"USA",33,31,2005,29.629145586842446596,9442.311528037731092
"USA",33,33,2005,11.62543278211371657,2074.53819692894737
"USA",33,34,2005,94.801777462771234126,30269.475343478396889
"USA",33,35,2005,83.11978594807079507,23394.373865831890663
"USA",33,36,2005,23.667629187402364735,6937.14644600635094
"USA",33,37,2005,125.63140313679887913,38409.771958501472073
"USA",33,38,2005,12.29242814825737848,3253.759645622132452
"USA",33,39,2005,97.793834978904136690,25831.94918493972470
"USA",33,40,2005,58.37041283596571490,21876.741075799897236
"USA",33,41,2005,24.78380613911241992,7999.696106193467876
"USA",33,42,2005,1.583052920501302174,295.112159862369884
"USA",33,43,2005,152.91436844840706058,56708.69210610198788
"USA",33,44,2005,10.34901867937500896,3455.385533131806926
"USA",33,45,2005,19.520049906380191444,6322.748232420516961
"USA",33,46,2005,1217.354175887094186709,333703.298291351887818
"USA",33,47,2005,326.71484500301841069,115129.147653839440742
"USA",33,48,2005,11.8114649174826422,4024.30911092378684
"USA",33,49,2005,22.51505797513672278,8327.988527513501426
"USA",33,50,2005,42.27260480432290746,12778.022296571653696
"USA",33,51,2005,9.02174572610677199,2569.187185364044334
"USA",33,52,2005,90.0215823479448486,24958.24361155589221
"USA",33,53,2005,159.29684523573140494,46897.704491846244048
"USA",33,54,2005,75.02296006723301358,24076.650127082590941
"USA",33,55,2005,29.3225739241015549,9287.3000283943828
"USA",33,56,2005,35.08664647847437822,11735.614177875130404
"USA",33,57,2005,94.351837369377164666,29701.306205494471905
"USA",33,58,2005,251.040808507171941647,94013.163055852348620
"USA",33,59,2005,56.7568667280881222,20794.38330709412434
"USA",33,60,2005,42.66362183910374633,11261.413513385040152
"USA",33,61,2005,73.37092173373072353,23915.866853567489364
"USA",33,62,2005,22.7849806342773593,6771.97286877374038
"USA",33,63,2005,14.587083861009119816,3841.31927515423386
"USA",33,1,2006,66.45693230582681338,22986.724629845263344
"USA",33,2,2006,193.22177666863133265,62046.43417590585697
"USA",33,3,2006,1.34662006165581631,305.813780937939427
"USA",33,4,2006,33.929740872675751556,12427.819341101944655
"USA",33,5,2006,187.267100265957112234,67901.900607291546726
"USA",33,6,2006,27.76925023479600286,8631.72395203988501
"USA",33,7,2006,85.29449146319648613,26712.751956148213021
"USA",33,8,2006,25.486698620186676,7748.6493091695465
"USA",33,9,2006,115.11638040285362487,43014.360556459378424
"USA",33,10,2006,1069.51410788414389678,293831.046231564292471
"USA",33,11,2006,86.35947061754351236,29724.493089583369896
"USA",33,12,2006,73.63618345524305480,26131.24368719456815
"USA",33,13,2006,117.193522535295117554,40162.888375881668955
"USA",33,14,2006,139.56279134665398914,45700.833821416359155
"USA",33,15,2006,35.91398720255416732,9497.172642675933979
"USA",33,16,2006,306.275408763845832456,100189.132319862400085
"USA",33,17,2006,562.141678194102388895,157211.047186129943487
"USA",33,18,2006,81.057289423038207386,28281.513229076233367
"USA",33,19,2006,22.57118707218527900,7576.251319163281361
"USA",33,20,2006,84.938415843949616086,31486.830819316215715
"USA",33,21,2006,84.47108542470268858,30488.792152707415354
"USA",33,22,2006,131.51898122777563044,42602.009076240803011
"USA",33,23,2006,52.1136095540517217,10098.544147876349663
"USA",33,24,2006,0.9981028036545139,198.25089552816604
"USA",33,25,2006,0.49602288298177087,56.042048273393700
"USA",33,26,2006,150.10194751478722699,46527.740866928628798
"USA",33,27,2006,5.233157521705729620,1538.100226817163573
"USA",33,28,2006,60.44655583795361079,21743.224473379515701
"USA",33,29,2006,53.72997794468317022,15675.593797031583386
"USA",33,30,2006,19.21743674616536169,6250.91971715647659
"USA",33,31,2006,21.379031549861100025,7161.194046235344685
"USA",33,32,2006,0.35155124507378477,65.13733732887135
"USA",33,33,2006,6.15226823292100921,1022.19924546239777
"USA",33,34,2006,95.496191169509529417,31001.699959197511128
"USA",33,35,2006,58.414503748708792854,16850.249034771742945
"USA",33,36,2006,11.34471195381727273,3284.581791021117704
"USA",33,37,2006,141.02199713320323054,42715.16318068443247
"USA",33,38,2006,16.1249264014301265,4374.96647801381198
"USA",33,39,2006,51.05962550933155117,13758.277075594258625
"USA",33,40,2006,60.00580525588109702,21512.51138178727857
"USA",33,41,2006,35.5213927983572716,10830.40197467617376
"USA",33,42,2006,0.41037513958550354,60.289166801693354
"USA",33,43,2006,205.436812767723799345,74196.145546925531106
"USA",33,44,2006,5.7600976665885431,1873.4016732527960
"USA",33,45,2006,16.55561367571614292,5839.83458028349178
"USA",33,46,2006,356.692471033521643030,91261.368507188364078
"USA",33,47,2006,384.32199580507045624,135647.01066083264817
"USA",33,48,2006,17.37985254357421508,6236.816187919294294
"USA",33,49,2006,28.80119472918621569,10304.097728871202737
"USA",33,50,2006,34.7864083582573782,12116.10639326253444
"USA",33,51,2006,5.56435274493272784,1665.80762342824983
"USA",33,52,2006,46.144683586007017885,13052.385245438160022
"USA",33,53,2006,210.81495956899310294,62966.136905178728409
"USA",33,54,2006,158.65396880234393543,51540.053858517017703
"USA",33,55,2006,62.26198184115663506,22142.24893628458981
"USA",33,56,2006,60.285779835881098085,21450.481951012450616
"USA",33,57,2006,116.454578910551240826,37804.348653295368254
"USA",33,58,2006,190.56163772244543663,71869.839939437366238
"USA",33,59,2006,107.968807560707405116,40927.76544518176629
"USA",33,60,2006,33.6322766390277852,8987.26300125312523
"USA",33,61,2006,83.28807291662127523,28251.660183649880075
"USA",33,62,2006,32.8925906945594573,10407.246744459348
"USA",33,63,2006,14.07951401652778160,4038.68602257562202
"USA",33,1,2007,115.879401931862078135,41555.629820574956591
"USA",33,2,2007,327.73089567999047487,105541.29639875769089
"USA",33,3,2007,2.2242761455881078,566.40623571455743
"USA",33,4,2007,44.41156754432069161,16791.76654743088094
"USA",33,5,2007,245.09890582000196699,87137.90616003197071
"USA",33,6,2007,27.50259928031250358,7916.603313253194266
"USA",33,7,2007,183.32144168701371127,55938.909436324379416
"USA",33,8,2007,58.02028160805106627,19181.766581677955225
"USA",33,9,2007,117.085955969342368014,45051.402135618252054
"USA",33,10,2007,814.353475443066944244,228187.715815676986031
"USA",33,11,2007,63.76296598606120628,22733.473594181711368
"USA",33,12,2007,32.445213760136716885,11589.755129726719085
"USA",33,13,2007,107.14143873085917088,39322.168215550677515
"USA",33,14,2007,119.85496460913834889,40393.154956732890258
"USA",33,15,2007,128.48657531195079436,33295.20319744259984
"USA",33,16,2007,348.78914956866354035,113176.089042404002351
"USA",33,17,2007,644.484580007875380622,183438.530405773362108
"USA",33,18,2007,106.445751191764297386,36960.231681399158958
"USA",33,19,2007,13.59560596871745116,4306.711406655243994
"USA",33,20,2007,75.960615397161480356,29243.159025776331796
"USA",33,21,2007,125.537539042695128574,46808.600887668773778
"USA",33,22,2007,155.90135146895619719,54105.793612970749801
"USA",33,23,2007,92.33318844599399723,20695.98743292438368
"USA",33,24,2007,0.17628154514756944,13.946585953860357
"USA",33,25,2007,0.55660754249131953,98.92662019515514
"USA",33,26,2007,206.95009224397964069,64019.437237903478965
"USA",33,27,2007,24.89851821643881320,7299.791843739552136
"USA",33,28,2007,44.73537201012152192,15496.297026493151185
"USA",33,29,2007,54.69580192640403915,15888.88121905539886
"USA",33,30,2007,26.59001943865885283,7850.817737143203405
"USA",33,31,2007,21.49628713439670706,7228.94389156601763
"USA",33,33,2007,30.01897707931642666,5336.751253278088138
"USA",33,34,2007,78.51576467398656256,25217.03562007104971
"USA",33,35,2007,58.85641636992188412,15251.966853762068484
"USA",33,36,2007,21.2179036895724810,6095.6724245282287
"USA",33,37,2007,128.963025003359515535,38945.846778730316992
"USA",33,38,2007,12.522269148350693004,3341.095306659709989
"USA",33,39,2007,73.89949773484585572,21239.978454206146982
"USA",33,40,2007,47.595361094947892926,17001.521781507650792
"USA",33,41,2007,48.57711138617194172,16001.845329902266992
"USA",33,42,2007,0.82030630605251732,222.58214578683472
"USA",33,43,2007,162.5366210983676265,57475.88957156337058
"USA",33,44,2007,2.0574302562586813,670.01695868357067
"USA",33,45,2007,15.32529075621961653,5192.534969749540774
"USA",33,46,2007,565.274833842216800225,139454.3099385310833095
"USA",33,47,2007,408.69807431159855377,155268.80111399322505
"USA",33,48,2007,22.25435769835716988,7517.87835716983311
"USA",33,49,2007,94.520206493426577064,36724.862181100293152
"USA",33,50,2007,42.33503781268882885,14362.8112946993807
"USA",33,51,2007,22.99493256358072739,7062.402468856991083
"USA",33,52,2007,113.2385020277950908,31772.83802474162848
"USA",33,53,2007,140.23615298635154710,43107.987066513637274
"USA",33,54,2007,133.430869393942984844,43588.529841526813197
"USA",33,55,2007,41.8466377846505500,15081.0593159922622
"USA",33,56,2007,24.35634289250652314,8852.86278215721448
"USA",33,57,2007,102.15450933962670608,34269.355762738837430
"USA",33,58,2007,251.434821521972274574,97009.294199213584086
"USA",33,59,2007,94.784228175562101686,34812.405969658253485
"USA",33,60,2007,34.20082809167102269,9236.8644648186728922
"USA",33,61,2007,76.53617468995874374,26946.02145130757077
"USA",33,62,2007,54.8315661231879304,16322.06302800559189
"USA",33,63,2007,12.9355470073936663,3534.9345165902898
"USA",33,1,2008,65.47836443444880888,22372.45586284744807
"USA",33,2,2008,206.19722955594591657,69315.24219489362283
"USA",33,3,2008,1.4051632230078126,365.8987842484215
"USA",33,4,2008,69.67118468978063771,24651.32375198601652
"USA",33,5,2008,167.75390475774089690,59402.805177052238840
"USA",33,6,2008,86.194564928771703635,28891.582245929669948
"USA",33,7,2008,97.2611434379339403,30753.031469012343006
"USA",33,8,2008,69.76222579158182583,21563.71368905059197
"USA",33,9,2008,54.138613332897110905,20142.887864533893598
"USA",33,10,2008,438.348333005441184620,127724.389287173816261
"USA",33,11,2008,59.96428306687493779,21795.510577279800577
"USA",33,12,2008,28.31827016162106855,10690.077425054373652
"USA",33,13,2008,89.81104543999785907,32890.11303690422032
"USA",33,14,2008,73.27368689141713848,24644.322496597308222
"USA",33,15,2008,52.904410503057729745,13968.670029630253730
"USA",33,16,2008,284.65656041251462293,95072.281743508409288
"USA",33,17,2008,478.336588186735768221,142091.4370984520713394
"USA",33,18,2008,74.838549475334261610,26816.867870146213197
"USA",33,19,2008,5.83375821822265570,1633.859522297884644
"USA",33,20,2008,75.822437017341658596,28773.275503176164933
"USA",33,21,2008,143.175891184103818935,48807.448384925991657
"USA",33,22,2008,104.42001865408204492,34265.103379397769954
"USA",33,23,2008,114.37571382108069023,30423.565011843368858
"USA",33,25,2008,1.447807076204427265,310.076174303566410
"USA",33,26,2008,231.74663541929691269,74322.500590398717610
"USA",33,27,2008,30.1650592274587598,8969.329682543277324
"USA",33,28,2008,39.29738795325738299,13822.113504331184185
"USA",33,29,2008,30.72371257501085426,8821.888605016830994
"USA",33,30,2008,17.238614366113255296,5095.0746644969170294
"USA",33,31,2008,14.41095998345052068,4861.358916467729773
"USA",33,32,2008,0.5856827074934896,94.2724543822664
"USA",33,33,2008,23.92861187093967805,3948.110994003249948
"USA",33,34,2008,107.029134019620261590,37708.635404526626222
"USA",33,35,2008,70.23130358732640659,19559.392458172808175
"USA",33,36,2008,49.389724753257366532,15850.777759227899924
"USA",33,37,2008,111.09454623744801194,35401.586729911808495
"USA",33,38,2008,6.037152881503908216,1387.623637817099399
"USA",33,39,2008,171.17559377818380245,51929.325651672364756
"USA",33,40,2008,75.29392645314458603,30286.308292552471926
"USA",33,41,2008,27.67869798656465801,8982.124674465766341
"USA",33,42,2008,0.70373726986328129,98.236352009375222
"USA",33,43,2008,202.620124141762705336,73046.346839405905087
"USA",33,44,2008,2.35254788749566018,808.418140485590519
"USA",33,45,2008,21.675163383921454,7339.369585508913
"USA",33,46,2008,834.339496011625391866,227956.395718160928034
"USA",33,47,2008,254.60463004325065303,97018.232469242404343
"USA",33,48,2008,14.99392673026259052,5380.341699284693816
"USA",33,49,2008,70.048893187491327356,27711.63061877262619
"USA",33,50,2008,62.92404305022362131,20401.78629764762158
"USA",33,51,2008,11.69195907308377572,3499.174538048061685
"USA",33,52,2008,148.434243476397749544,43496.613871837257236
"USA",33,53,2008,95.37712861976350699,29014.629483662974627
"USA",33,54,2008,121.502053939500816399,40757.312531888087923
"USA",33,55,2008,49.46967427949659125,17260.722740153098698
"USA",33,56,2008,40.278785822385003089,15162.744354890979856
"USA",33,57,2008,342.97412733034118165,148089.657695227278168
"USA",33,58,2008,199.27715670945536513,77447.93054765820350
"USA",33,59,2008,90.93940563022757202,37307.831434149064498
"USA",33,60,2008,29.47966087670355343,7706.234570144643837
"USA",33,61,2008,39.72767966339846539,13395.125242548830034
"USA",33,62,2008,36.012471186649297,10410.3505505898027
"USA",33,63,2008,18.11232476802518058,5275.241729935955136
"USA",33,1,2009,73.56437956427087967,27252.068404546883066
"USA",33,2,2009,137.847503621603978,46273.265611359741
"USA",33,3,2009,0.9362141247026912,208.41206588149146
"USA",33,4,2009,14.7044650154687565,5598.474161385618756
"USA",33,5,2009,78.83184094786457356,30075.92664986129235
"USA",33,6,2009,35.834238345976554546,11618.351314177191338
"USA",33,7,2009,80.52651532730476211,28123.421355146463372
"USA",33,8,2009,39.5834744159722375,13767.74543730878755
"USA",33,9,2009,21.090495399850265194,8889.742203141731594
"USA",33,10,2009,639.68256597920628576,191921.778617669738408
"USA",33,11,2009,39.0866848589322871,15788.05297212713564
"USA",33,12,2009,23.39286231254340225,8600.180301146472525
"USA",33,13,2009,130.71597833658197713,50365.949504563588483
"USA",33,14,2009,47.83573579593526796,16688.06243012627338
"USA",33,15,2009,71.39593763783855694,18879.352453151368977
"USA",33,16,2009,252.066824561267818237,84884.275743088781600
"USA",33,17,2009,421.36092936260426943,128196.495530959443950
"USA",33,18,2009,43.79590541027780579,15804.250838305128696
"USA",33,19,2009,13.8146793153146751,4083.5143313360990
"USA",33,20,2009,106.77053877179242870,43086.549160518315416
"USA",33,21,2009,168.187879797675377356,56558.865892091258721
"USA",33,22,2009,68.83278500925995186,23677.029748598495643
"USA",33,23,2009,53.4841221762370849,12545.840524229324962
"USA",33,24,2009,0.6456839467057292,96.07842230041275
"USA",33,25,2009,1.22244604213107641,259.26406681857275
"USA",33,26,2009,48.36745789629558131,15224.319904470720546
"USA",33,27,2009,20.443279057656256716,5851.424483941806107
"USA",33,28,2009,7.64015246122178854,2747.766474039357265
"USA",33,29,2009,29.239535515366761050,8542.514354862161012
"USA",33,30,2009,7.939594354316407066,2396.997941311927457
"USA",33,31,2009,5.09430555635416717,1677.711939522651393
"USA",33,32,2009,0.46851529069010417,106.33870330152268
"USA",33,33,2009,7.27955048438150884,1525.815620959259634
"USA",33,34,2009,25.094086776933591826,8492.438293396256345
"USA",33,35,2009,44.99391735897570006,13297.249086459966893
"USA",33,36,2009,27.35338252411242286,8850.970111375139144
"USA",33,37,2009,73.45793371489796383,24115.73413621534959
"USA",33,38,2009,7.94714432634982285,2135.044340813416652
"USA",33,39,2009,77.46445989788203380,23257.862307644037464
"USA",33,40,2009,56.71515087419910881,23750.05622377712804
"USA",33,41,2009,14.33732722112630140,4797.39911083331891
"USA",33,42,2009,0.6457219424500869,119.5597146369488695
"USA",33,43,2009,85.9092726848089717,32786.25806953387344
"USA",33,44,2009,0.058736220312500004,7.367938389546883
"USA",33,45,2009,10.1961616871940138,3628.80629372482764
"USA",33,46,2009,544.878128057415745710,154401.108143294054971
"USA",33,47,2009,435.54008896804035121,167620.564545257217485
"USA",33,48,2009,35.3300253621875140,13656.88793797392455
"USA",33,49,2009,58.013796701542948254,23262.48817017867211
"USA",33,50,2009,37.70203303709421427,12378.501989553876170
"USA",33,51,2009,25.4481297429557671,7888.37038500982312
"USA",33,52,2009,143.1595898887563272,42281.74051943266616
"USA",33,53,2009,67.16804577529733433,21218.510262169195663
"USA",33,54,2009,96.65773197883041225,33739.175094217589832
"USA",33,55,2009,13.8811422060047824,5000.98865708981290
"USA",33,56,2009,24.057421780659725686,8301.872923141313663
"USA",33,57,2009,44.667362234481348105,15417.165236732381047
"USA",33,58,2009,205.507495494485507056,78992.231289713116954
"USA",33,59,2009,62.44028695518665234,24180.863852375405450
"USA",33,60,2009,51.99442348337246045,15146.519643194307489
"USA",33,61,2009,28.9347364967253011,10718.409321325322824
"USA",33,62,2009,21.617187879385867,6727.4485836162787
"USA",33,63,2009,16.9163469224804684,4947.51657801878928
"USA",33,1,2010,81.7002083882161618,32741.20879569855904
"USA",33,2,2010,205.89107582127613114,69638.862849778011568
"USA",33,3,2010,1.170113814097222,331.47031664842376
"USA",33,4,2010,15.89261135327257596,6101.58777835127777
"USA",33,5,2010,278.92143265723979975,102178.30748454309052
"USA",33,6,2010,42.076127437601985095,13482.650035054533925
"USA",33,7,2010,73.41618470649740678,23533.08869791960791
"USA",33,8,2010,60.18516468940748903,19733.91482152483175
"USA",33,9,2010,46.00449767464846451,19052.93492788552324
"USA",33,10,2010,542.58907311237893790,165291.6882911382239565
"USA",33,11,2010,94.565390851772897396,34726.995810895202333
"USA",33,12,2010,37.76358898491754179,13576.26612203171794
"USA",33,13,2010,120.35775313938597544,46995.81774796663506
"USA",33,14,2010,108.5007848777105296,36237.23299758592444
"USA",33,15,2010,57.832545809904500495,15689.991262422959311
"USA",33,16,2010,332.12859681624113954,110001.290644368310882
"USA",33,17,2010,564.94324124631668171,167417.512901683120847
"USA",33,18,2010,74.180715381234774759,26715.618511020725585
"USA",33,19,2010,10.9878324418511302,3507.329209684238326
"USA",33,20,2010,76.28852659434897457,32623.269595793914038
"USA",33,21,2010,190.289104345021424175,67719.545361241045375
"USA",33,22,2010,128.96676003509529855,47113.792001540621808
"USA",33,23,2010,37.866195053858499856,9948.970552463337356
"USA",33,24,2010,1.1742502253407117,309.92759307947154
"USA",33,25,2010,1.51814383044270839,376.954414311759938
"USA",33,26,2010,159.2833836233788123,55836.6490211855918154
"USA",33,27,2010,27.43974160519749538,8361.85374345653850
"USA",33,28,2010,26.82737805624348691,10695.711627012336266
"USA",33,29,2010,29.96198969037323881,8935.542156258074766
"USA",33,30,2010,25.57423850130859292,7831.903398059744594
"USA",33,31,2010,10.950962675384118245,3753.764944657961316
"USA",33,32,2010,0.17561381235460072,35.89867004361119
"USA",33,33,2010,19.515337843997401746,4730.684189786622494
"USA",33,34,2010,104.23544271038420697,36517.114953819293982
"USA",33,35,2010,79.18352626208543413,25472.56600691953697
"USA",33,36,2010,42.504148117823343088,13907.043766341225560
"USA",33,37,2010,86.169037816540842270,27696.649126611924359
"USA",33,38,2010,8.35016467149956095,2149.194850908410572
"USA",33,39,2010,98.37217177430747244,31037.031294488275578
"USA",33,40,2010,59.15692592651034266,23609.749670432951294
"USA",33,41,2010,13.58079291547308933,4820.30992737990557
"USA",33,42,2010,0.70340295394748263,203.06631414760253
"USA",33,43,2010,114.334114964800143096,45505.84958350552179
"USA",33,44,2010,7.2878312094010427,1985.29885004531984
"USA",33,45,2010,31.640777845887598,11173.71549286358
"USA",33,46,2010,670.000446017545649259,177500.239145298527310
"USA",33,47,2010,336.18536348809662671,127727.9761756281393043
"USA",33,48,2010,17.49133511089408569,6519.30071560685008
"USA",33,49,2010,85.04280356176235989,35729.99191012869874
"USA",33,50,2010,38.24624273632815672,12447.356242631415355
"USA",33,51,2010,23.876246180703090896,7331.484878563960150
"USA",33,52,2010,206.4723129511263131,62521.9324709888965
"USA",33,53,2010,113.883504778098833325,35393.816682879993524
"USA",33,54,2010,77.00801550739349495,26763.086120329775856
"USA",33,55,2010,18.02197541257595979,6270.67531239750424
"USA",33,56,2010,41.49945807830729986,15281.830980338009248
"USA",33,57,2010,86.23302061226134327,30246.402147358757466
"USA",33,58,2010,313.379124541447795004,117058.113636849971750
"USA",33,59,2010,84.37161244424473363,35481.26434005770416
"USA",33,60,2010,30.211582307434889925,8925.10083820212848
"USA",33,61,2010,48.71982451981338585,17869.952670710031947
"USA",33,62,2010,35.282438714216608285,11091.741256002073984
"USA",33,63,2010,19.48480817578778583,5934.147068701834176
"USA",33,1,2011,94.3604368025585026,36125.36331846838033
"USA",33,2,2011,58.3498567425520565,19666.317637698012
"USA",33,3,2011,1.932459075625,608.252639551959
"USA",33,4,2011,36.5123717660763857,13363.81441322047978
"USA",33,5,2011,198.54239044044078998,75059.015523350762336
"USA",33,6,2011,15.691871083856337985,4880.456730050722725
"USA",33,7,2011,85.007384312443452615,30598.064269921784038
"USA",33,8,2011,22.4638388120139146,7366.11623970284897
"USA",33,9,2011,165.51836069283421934,67677.511217381600732
"USA",33,10,2011,311.684547863857280649,92610.716988705970018
"USA",33,11,2011,28.25420822095702707,10477.363674548757807
"USA",33,12,2011,15.034152416584198085,5461.093690817233872
"USA",33,13,2011,79.06830592064671181,30885.091091466347243
"USA",33,14,2011,45.7087751851627471,16340.74225565445046
"USA",33,15,2011,77.17719935184685455,22552.460225977671236
"USA",33,16,2011,133.344371126328107410,46134.004336710802200
"USA",33,17,2011,332.519971924612989104,96203.812872404368103
"USA",33,18,2011,68.09824292304251103,25588.425887739455506
"USA",33,19,2011,16.087201304231771325,5851.201342118115236
"USA",33,20,2011,47.48689078656686471,20075.67163488697911
"USA",33,21,2011,59.398555635143221856,21511.221865071858561
"USA",33,22,2011,77.467873030325459594,27625.545095053880198
"USA",33,23,2011,36.41667033400825235,9038.992145862455256
"USA",33,25,2011,0.11327846898871528,16.627564928916343
"USA",33,26,2011,153.05881516114994660,51906.48546367436328
"USA",33,27,2011,22.334345679348983265,7466.596322105030185
"USA",33,28,2011,24.98111688947049035,9904.448233527661503
"USA",33,29,2011,40.347412852009565064,11954.18410986338727
"USA",33,30,2011,27.8297855927777993,8780.62296845133226
"USA",33,31,2011,13.00204538808375598,4544.062510736208273
"USA",33,32,2011,0.23420613574652778,45.747026051382361
"USA",33,33,2011,10.159555980351564645,2168.401135219212357
"USA",33,34,2011,77.19319209373479818,26637.548301173060645
"USA",33,35,2011,36.50266367284724562,12015.07341094599530
"USA",33,36,2011,11.1801989217925337,3784.089439808523342
"USA",33,37,2011,41.885381680028234004,14188.832785219477363
"USA",33,38,2011,11.5557098896723099,3176.50408900768482
"USA",33,39,2011,44.017048904457454166,13643.585903324671128
"USA",33,40,2011,69.84878846227648428,28962.781963405381187
"USA",33,41,2011,11.89463760374783239,4083.948551928541943
"USA",33,42,2011,2.22961050752387155,500.918125305764089
"USA",33,43,2011,67.381291927413218,27938.2587430794438
"USA",33,44,2011,1.3519476829882811,368.05527301065882
"USA",33,45,2011,6.237230300768228,2133.656741128174
"USA",33,46,2011,195.416750370182633014,60813.534984517902746
"USA",33,47,2011,255.649881114225173306,100815.351957694665950
"USA",33,48,2011,13.85755843857857404,5207.61384880898835
"USA",33,49,2011,44.09258240080084568,18450.38628358765685
"USA",33,50,2011,23.17291168361547629,8331.16226418506012
"USA",33,51,2011,3.5797176962500004,1093.09072994742608
"USA",33,52,2011,143.06883723734144794,44045.65403490463042
"USA",33,53,2011,119.310637671950967036,39191.148404351610878
"USA",33,54,2011,53.97637676902127619,19417.36610914977217
"USA",33,55,2011,32.54750800892359056,12181.21174279155432
"USA",33,56,2011,38.2492038907009601,15251.43231955831658
"USA",33,57,2011,66.70529923129557193,24121.882243703620264
"USA",33,58,2011,191.66766858161031985,75320.564576714605209
"USA",33,59,2011,115.98414731191642884,47632.437685372826226
"USA",33,60,2011,12.47632493688150706,3775.338975452634293
"USA",33,61,2011,43.77844105536453688,16901.118623492869235
"USA",33,62,2011,24.335133240312496,7802.577134307144
"USA",33,63,2011,27.06202787440539904,8353.07087039255816
"USA",33,1,2012,64.17758326359811351,23159.84522093066151
"USA",33,2,2012,166.29646597379148042,57863.916330100016281
"USA",33,3,2012,0.7023585837239583,198.1003779207663894
"USA",33,4,2012,35.86141411119141035,13351.518961634649037
"USA",33,5,2012,218.44836423651460978,84615.18571191089501
"USA",33,6,2012,38.57002177979819389,11160.346274735648749
"USA",33,7,2012,92.18018412599819704,30792.611696031514325
"USA",33,8,2012,33.91572940394969205,11049.21407713441165
"USA",33,9,2012,98.690390036981308594,37955.793265001217275
"USA",33,10,2012,851.479267586805702347,262581.738641169587173
"USA",33,11,2012,58.37628271066615336,21678.664891649654246
"USA",33,12,2012,49.811628135054278056,18299.197235000716484
"USA",33,13,2012,94.776621568315965645,34710.746060559638373
"USA",33,14,2012,67.04566809536891703,24111.56618080964760
"USA",33,15,2012,62.046574908895384075,17391.122573613269181
"USA",33,16,2012,352.537976188544532599,123178.734778533945759
"USA",33,17,2012,1372.146362910741608964,431629.271470431292018
"USA",33,18,2012,149.655765929833063110,55679.870520317364514
"USA",33,19,2012,21.41568157701170592,7042.70693335649404
"USA",33,20,2012,71.83830609343970709,27201.162044124641413
"USA",33,21,2012,178.502011438226830395,65560.3394556242487085
"USA",33,22,2012,140.416273089681111874,48876.874269381576372
"USA",33,23,2012,121.695125657013781606,27606.688309207173919
"USA",33,24,2012,0.2349275616124132,68.63570455675394
"USA",33,25,2012,5.11432470399088534,709.581128742466586
"USA",33,26,2012,295.794430554991125836,94306.313940789144458
"USA",33,27,2012,28.07217705755206097,8856.211688400335221
"USA",33,28,2012,55.89223315575304280,20893.546659314276615
"USA",33,29,2012,37.42749746661457910,11515.426508694952760
"USA",33,30,2012,45.07949887374563983,14994.3207218815910
"USA",33,31,2012,12.8253818613020882,4687.7211260817098
"USA",33,32,2012,0.1756974677821181,34.74402949204315
"USA",33,33,2012,18.117478646061206100,4183.854142434354475
"USA",33,34,2012,117.85972524847233540,40282.766090294124583
"USA",33,35,2012,85.10163864395829242,26266.224999724748487
"USA",33,36,2012,40.82435954856337988,13362.669159139544998
"USA",33,37,2012,93.465101146892342804,31878.191882555141534
"USA",33,38,2012,10.937804437725691856,3019.464347887431993
"USA",33,39,2012,141.388808759631287046,41268.636551219935212
"USA",33,40,2012,99.36281469230458401,36588.84425682398077
"USA",33,41,2012,14.971014818480906815,5123.792538836376444
"USA",33,42,2012,0.23458970034288196,57.69833424050891
"USA",33,43,2012,193.90563889137981745,76880.928037036350427
"USA",33,44,2012,1.4106701581879342,391.94502515935564
"USA",33,45,2012,10.84118005998914923,3912.0320687622364
"USA",33,46,2012,1107.58546950073168967,295017.582044933485158
"USA",33,47,2012,316.592899230603644996,124146.764674297087241
"USA",33,48,2012,33.2254855645855208,12365.5186620888483
"USA",33,49,2012,71.415487296065502646,27350.272909867121243
"USA",33,50,2012,58.08574378730902512,19086.38665212873342
"USA",33,51,2012,24.35771340106984569,8142.281685475266051
"USA",33,52,2012,201.536999219858795390,65217.570578111683722
"USA",33,53,2012,180.66944501189468532,43959.376111026101611
"USA",33,54,2012,80.55574630092675403,28721.605859444685168
"USA",33,55,2012,36.07566783186199965,13264.32246762560777
"USA",33,56,2012,41.9006040330924482,15709.679186677513024
"USA",33,57,2012,104.47915076066631325,38340.738982793252578
"USA",33,58,2012,191.593492603609067476,76568.144874016436152
"USA",33,59,2012,130.97367045808395863,52941.98726601025156
"USA",33,60,2012,40.654357388409318255,11874.114319547767182
"USA",33,61,2012,37.69063873862413738,14855.325579222876355
"USA",33,62,2012,27.02163623649522341,9050.427683141249686
"USA",33,63,2012,31.724439243166231524,10129.326367475647487
"USA",33,1,2013,68.65861736128691045,22674.6605252916459595
"USA",33,2,2013,74.6239051091795651,23785.71032620859814
"USA",33,3,2013,0.9945550277539061,304.090134293247237
"USA",33,4,2013,18.427506733880209154,6532.471359033377557
"USA",33,5,2013,189.12215778130812376,70580.033406828668435
"USA",33,6,2013,23.43688081444011416,7480.341798509706623
"USA",33,7,2013,36.80425637665582168,11430.716024535412370
"USA",33,8,2013,9.52742591647785978,3213.91061597391383
"USA",33,9,2013,51.66144553282769874,21673.27112093009058
"USA",33,10,2013,409.675602016688524029,121133.355906994266894
"USA",33,11,2013,30.123016345468755614,10541.927609748762418
"USA",33,12,2013,32.21552514072047569,12112.725774397565185
"USA",33,13,2013,66.526410126545184644,25768.701146286891955
"USA",33,14,2013,49.34957446909732854,16315.74779624620458
"USA",33,15,2013,24.09204851667316724,6359.675934047650179
"USA",33,16,2013,188.187793199368550233,63751.354734646473707
"USA",33,17,2013,703.796959651804086388,214250.795869393614737
"USA",33,18,2013,81.107085626139337205,29265.074669119691418
"USA",33,19,2013,9.86716521973307587,3029.97134024659641
"USA",33,20,2013,73.240692609585515855,26500.854441180773594
"USA",33,21,2013,108.484351931723100280,36875.8343747033968955
"USA",33,22,2013,150.34863990205322171,53991.400462209486452
"USA",33,23,2013,140.68544054890425594,33961.7604354995408606
"USA",33,24,2013,0.05867560109809028,12.20119802440985
"USA",33,25,2013,0.557091324954427125,56.453973023059215
"USA",33,26,2013,248.032949303396329429,80321.191610894221661
"USA",33,27,2013,15.08002440688150854,4323.187671286603820
"USA",33,28,2013,15.95329842493706746,5676.03301034988762
"USA",33,29,2013,13.33462237600043407,3981.311641001139563
"USA",33,30,2013,22.51578589332248749,6985.796321918681714
"USA",33,31,2013,8.4333408608745635,2943.2754188018112
"USA",33,33,2013,3.15745247162760329,760.203175740535828
"USA",33,34,2013,81.87353746695967711,27393.730080721242229
"USA",33,35,2013,54.550670405260364089,15599.32740287479331
"USA",33,36,2013,35.202177285811666264,11007.880349920770385
"USA",33,37,2013,90.38082211920589060,29510.531703897909124
"USA",33,38,2013,4.8460433264409727,1390.91690766608454
"USA",33,39,2013,42.90338996124781678,11734.999225823300518
"USA",33,40,2013,55.80820520710289438,18603.81125248545141
"USA",33,41,2013,17.58551284427299205,5802.422970195941423
"USA",33,42,2013,0.11738326110894098,27.37358633707445
"USA",33,43,2013,69.80208894752603362,27544.0354231939460197
"USA",33,44,2013,5.0536632382118069,1422.1556511801440
"USA",33,45,2013,9.62209509623264464,3316.053279073882244
"USA",33,46,2013,652.164596715711775724,175767.686174761000811
"USA",33,47,2013,283.87221428045147894,108219.199201639305593
"USA",33,48,2013,23.38795531320963435,8258.832359568279417
"USA",33,49,2013,29.9986171674718067,11447.964436967696135
"USA",33,50,2013,20.70425661860026526,7089.808907552229546
"USA",33,51,2013,10.60489781645833655,3384.97460103868292
"USA",33,52,2013,80.958796085010860035,26189.878595272988116
"USA",33,53,2013,72.118197658164034125,21353.778983376767638
"USA",33,54,2013,99.103938402962201775,37863.446081948325930
"USA",33,55,2013,16.01240880294488156,5946.89164163892608
"USA",33,56,2013,7.13821973403211818,2281.835312609953933
"USA",33,57,2013,99.401607716846770855,36791.086479494716084
"USA",33,58,2013,212.30737650423841001,88638.8815904757787705
"USA",33,59,2013,138.271102491475812534,54357.170135149897597
"USA",33,60,2013,33.066515619055962135,9276.886896968871163
"USA",33,61,2013,47.188182851299985714,19365.683427091555043
"USA",33,62,2013,14.5646255916471377,4191.865368462968574
"USA",33,63,2013,10.317796268444019140,2734.964846466127960
"USA",33,1,2014,114.61993976019743023,40413.832177237538439
"USA",33,2,2014,80.91045477634316956,26794.298222626896205
"USA",33,3,2014,0.17555358942491317,50.3738695866295
"USA",33,4,2014,37.20474601982852665,13614.26417263699007
"USA",33,5,2014,151.636501092096231215,57658.176208953360655
"USA",33,6,2014,23.240682726338974836,6237.715675419205797
"USA",33,7,2014,98.20629018827460499,34433.220049768498160
"USA",33,8,2014,14.75988867809894432,5241.854076559892653
"USA",33,9,2014,56.04424859902778345,22548.351193069221292
"USA",33,10,2014,649.14863949536830307,196630.380315700838602
"USA",33,11,2014,40.557802345677089139,14061.026344482018315
"USA",33,12,2014,31.10425537881729263,12279.687154151892978
"USA",33,13,2014,34.96690007348523645,12694.816169414459154
"USA",33,14,2014,74.36751195980678963,25184.91084254120593
"USA",33,15,2014,25.5850850222656147,7076.87697029216702
"USA",33,16,2014,298.414177535088669716,100415.168616159621052
"USA",33,17,2014,760.924729541732129884,232902.740717995336857
"USA",33,18,2014,265.958647685331726874,96163.346276143283187
"USA",33,19,2014,3.11355578504774355,739.189823412807582
"USA",33,20,2014,42.16778676278864723,16040.56730218676100
"USA",33,21,2014,239.596300896536360467,82908.013496271953250
"USA",33,22,2014,187.03873079900383040,63142.373597794395729
"USA",33,23,2014,264.64573482415205544,62919.6999578287693435
"USA",33,24,2014,0.05868924820095486,6.2905433427280935
"USA",33,25,2014,1.272427757039930482,240.105762385473220
"USA",33,26,2014,443.250785845491246181,151752.510561863096811
"USA",33,27,2014,26.82476466554036783,8530.779880852197536
"USA",33,28,2014,89.386916193691456484,34177.424553731343125
"USA",33,29,2014,13.82717175407984565,3931.055826906465828
"USA",33,30,2014,24.77945246018662214,8048.379581765853248
"USA",33,31,2014,19.445963597651891014,7043.111147721748330
"USA",33,33,2014,7.33238210233940704,1548.096010322144069
"USA",33,34,2014,172.804448991224225335,61578.65124297098668
"USA",33,35,2014,57.75377522027560808,17923.743628878745782
"USA",33,36,2014,18.10500701244357182,5244.922082776754958
"USA",33,37,2014,126.86851884834412951,41338.540855735571045
"USA",33,38,2014,18.26596209518445155,4997.459907974522588
"USA",33,39,2014,119.847509505440641425,37504.749598262551953
"USA",33,40,2014,96.45781086785149396,34584.20402137035121
"USA",33,41,2014,40.33545788834421796,14127.94945951725406
"USA",33,43,2014,140.43257510211169599,54347.34964634010735
"USA",33,44,2014,4.29150041145833387,1368.42086906379071
"USA",33,45,2014,27.95245546197698267,9722.310773989629887
"USA",33,46,2014,989.401497251447511354,282128.180752758862090
"USA",33,47,2014,449.12515541434131732,178138.090039399989227
"USA",33,48,2014,37.82068991364791651,14306.1035316936042052
"USA",33,49,2014,61.50573903327043015,23028.268423575730325
"USA",33,50,2014,26.41082081455947548,8781.97737875019981
"USA",33,51,2014,5.44974957974609399,1670.877680147995336
"USA",33,52,2014,130.223697586468922194,39518.16236680071204
"USA",33,53,2014,56.40250110000006471,17271.704600045358058
"USA",33,54,2014,110.69853636890643609,43553.608998912290728
"USA",33,55,2014,27.29130696081163173,9723.746790138820905
"USA",33,56,2014,8.79599331491970633,2886.247825417751719
"USA",33,57,2014,86.02061699133905296,30101.214807240130843
"USA",33,58,2014,212.041338224184047205,82583.483556128513982
"USA",33,59,2014,129.22329104085302049,51020.838924865925255
"USA",33,60,2014,50.13426594408418369,12734.2813818379493915
"USA",33,61,2014,36.911856939518304545,13867.136532298712736
"USA",33,62,2014,16.7766341573762972,4755.797433277107830
"USA",33,63,2014,10.36537705884982932,2966.373128711369425
"USA",33,1,2015,80.42079033308813347,30828.704726171796402
"USA",33,2,2015,78.52359835469827286,26624.6507835898516
"USA",33,3,2015,0.5847923560959202,188.63144310514906
"USA",33,4,2015,24.32627219787543539,9947.489267048924723
"USA",33,5,2015,162.436262743558886966,65422.618299268165666
"USA",33,6,2015,25.668127605883237416,7507.222560374184285
"USA",33,7,2015,52.98226978080726812,19061.60203730002536
"USA",33,8,2015,22.324323004906652196,8221.087898655037707
"USA",33,9,2015,51.29327196449209070,21947.907993559788339
"USA",33,10,2015,551.39349780761256211,175789.716766313554961
"USA",33,11,2015,27.1511754809114526,10329.6262049458222
"USA",33,12,2015,30.463496648344176005,12554.873992956568974
"USA",33,13,2015,52.52511120424058661,22002.04127364807968
"USA",33,14,2015,53.40500973201578139,19371.761200448468034
"USA",33,15,2015,34.8675425536067276,9205.5742718806662
"USA",33,16,2015,285.993571737712683119,100832.406869886878648
"USA",33,17,2015,991.012692562883153525,315331.175877045218628
"USA",33,18,2015,107.837412362109290106,41213.248833107486328
"USA",33,19,2015,5.2088489327365446,1406.23916161723081
"USA",33,20,2015,23.87247171075521593,10097.06709823691868
"USA",33,21,2015,216.193314057727858358,75571.966502803318243
"USA",33,22,2015,145.80678201957682069,52278.532058919642518
"USA",33,23,2015,135.39813064871972019,32181.277960798280729
"USA",33,25,2015,0.44519641896918407,62.923263669195403
"USA",33,26,2015,657.64778613253646592,238487.957470827435932
"USA",33,27,2015,25.040045195171432,9614.41615591419734
"USA",33,28,2015,35.546124125718308216,13853.43632305437238
"USA",33,29,2015,48.14194328599823554,14651.44439280621756
"USA",33,30,2015,22.35580302331383152,9643.520022583988875
"USA",33,31,2015,11.827710863370221,4398.103218845093543
"USA",33,33,2015,5.5286243244726564,1184.50708410967999
"USA",33,34,2015,289.70773729459747807,106166.803637170845726
"USA",33,35,2015,56.53338230263460344,20504.01057593525855
"USA",33,36,2015,19.28089743404081427,6216.252204811598087
"USA",33,37,2015,105.47779659539942164,33772.225587776421886
"USA",33,38,2015,13.24168339564236342,3694.138615729502384
"USA",33,39,2015,145.72769040754126074,45961.96912463586248
"USA",33,40,2015,49.9109890137673659,21303.610799555738674
"USA",33,41,2015,5.862510645266926424,2029.797613058031825
"USA",33,43,2015,67.58798483161893955,26002.53622321891759
"USA",33,44,2015,0.8229373934114585,250.665734528812384
"USA",33,45,2015,20.41086451329861,7554.065481891615
"USA",33,46,2015,1390.25854779163198286,412109.914805605449461
"USA",33,47,2015,382.34025290303452255,147700.324383000279167
"USA",33,48,2015,23.793096478433159,9763.9128202782101
"USA",33,49,2015,26.7989846851649344,11155.6267150981275
"USA",33,50,2015,37.396530015247413446,13199.675390874541165
"USA",33,51,2015,11.9538480424609411,3755.77208702503398
"USA",33,52,2015,90.264395237280711214,28050.151713728101352
"USA",33,53,2015,58.80954476181208734,18476.279923960224171
"USA",33,54,2015,378.41753721678740332,97643.155392286826483
"USA",33,55,2015,12.78836122200738307,4162.635729500506056
"USA",33,56,2015,11.54573246545139016,4198.71858064922689
"USA",33,57,2015,108.84137401406914184,31003.028133401622004
"USA",33,58,2015,121.66329186962474529,47137.551218047425766
"USA",33,59,2015,155.10901154062299723,64327.95270729141683
"USA",33,60,2015,68.2991481434917186,19028.53910403701106
"USA",33,61,2015,27.8560586423676346,10444.40064049098487
"USA",33,62,2015,37.2859359819704745,13359.5447785487525
"USA",33,63,2015,12.082011633606767974,3382.79279084699055
"USA",33,1,2016,184.20107669855912865,75305.61833326693993
"USA",33,2,2016,108.23665895359594188,39144.709372685800895
"USA",33,3,2016,0.05851148389105903,13.553205468851768
"USA",33,4,2016,46.42968644840930005,16040.596757341437277
"USA",33,5,2016,189.44596226026504756,73712.492923203674991
"USA",33,6,2016,57.69698568970483833,17057.200342328905876
"USA",33,7,2016,94.29993645484147960,38227.425251316225232
"USA",33,8,2016,26.979137885488277506,10947.290205444921125
"USA",33,9,2016,61.07440683589847256,26348.72637435558648
"USA",33,10,2016,860.96072493382168761,268193.070892387241009
"USA",33,11,2016,56.13645589883251274,20780.539659557723948
"USA",33,12,2016,70.32699692593091307,28739.2394261410311605
"USA",33,13,2016,51.46764555034725253,19120.880018897918048
"USA",33,14,2016,94.66215536110466898,33471.429392515251116
"USA",33,15,2016,56.51688203916879988,14980.15582858552023
"USA",33,16,2016,357.817992009068594873,128806.4119410145807195
"USA",33,17,2016,1099.17390808174072899,351368.399484107504993
"USA",33,18,2016,158.05202590705071696,60789.550679176669024
"USA",33,19,2016,9.40093710832031443,2969.599116057701973
"USA",33,20,2016,56.95309808364366960,23158.983969230935918
"USA",33,21,2016,251.246988918639775111,91683.153162105967968
"USA",33,22,2016,320.389491705772061678,117870.438072552027419
"USA",33,23,2016,228.09690411331376064,58034.548350961722431
"USA",33,24,2016,1.29139321671658,392.1316150824899
"USA",33,25,2016,0.27912340672960073,59.77016187548964
"USA",33,26,2016,720.73039157570122784,258724.512672497679628
"USA",33,27,2016,40.487220587002902896,13788.409526228752771
"USA",33,28,2016,78.3426962898850314,28085.09383283981021
"USA",33,29,2016,60.6412061927170835,17696.57010274750036
"USA",33,30,2016,35.85611813735891692,14572.66476089538366
"USA",33,31,2016,34.551343184930550126,12145.921559107113526
"USA",33,33,2016,16.19607693309679185,3238.159208043840838
"USA",33,34,2016,251.30081422453834833,92896.10509587080450
"USA",33,35,2016,94.8964891817491232,29610.071590053095895
"USA",33,36,2016,41.02859911227862617,13223.993248450849875
"USA",33,37,2016,181.13274186241509255,56305.923773248601857
"USA",33,38,2016,21.368886123426655375,6044.95642308612147
"USA",33,39,2016,180.175591073164126104,58598.33505243630836
"USA",33,40,2016,75.177390346714463734,33409.177419954566205
"USA",33,41,2016,19.38966978297744024,6475.770168773164159
"USA",33,43,2016,169.83418889016296664,67719.40422877908838
"USA",33,44,2016,2.17525089072482664,696.22388885205173
"USA",33,45,2016,15.26341156922309515,5143.947198804269505
"USA",33,46,2016,1388.52997979098639037,402278.7817078739259155
"USA",33,47,2016,563.47374124756318269,219149.14663447461755
"USA",33,48,2016,49.76442422055117517,19810.181742826558144
"USA",33,49,2016,133.32431955319664975,59979.671490715611835
"USA",33,50,2016,64.87314679542325517,21594.738531928239314
"USA",33,51,2016,29.2438531756662269,9373.117043941739626
"USA",33,52,2016,98.06339106274309002,31350.894957301899085
"USA",33,53,2016,196.323550066831623646,68052.709905659409998
"USA",33,54,2016,175.878831302189376864,67563.81921604491519
"USA",33,55,2016,35.67553856947481863,12939.323169658375577
"USA",33,56,2016,23.49744378314236417,8942.804070530108175
"USA",33,57,2016,465.925898476296008594,126063.7282551912911895
"USA",33,58,2016,274.790503490195556954,113893.881747779244650
"USA",33,59,2016,155.994577934314690934,63048.727909114900117
"USA",33,60,2016,101.433915065494704356,27725.492627386641109
"USA",33,61,2016,60.854364018858541,21676.0319543578786735
"USA",33,62,2016,84.144555093433299235,26860.196466739050817
"USA",33,63,2016,43.0148714547243583,13855.39549119601121
"USA",33,1,2017,213.94717805768909987,88583.650660063305844
"USA",33,2,2017,99.21112609532338334,36756.05452783172125
"USA",33,4,2017,38.12949566490238991,13955.641780517588318
"USA",33,5,2017,147.812161895524960005,57660.261384648900150
"USA",33,6,2017,57.554334199342424936,18547.763594820380299
"USA",33,7,2017,229.00676325918846956,81666.42652157529386
"USA",33,8,2017,38.54672822881946119,13814.553951474943860
"USA",33,9,2017,154.31105258824470376,69258.23421249902667
"USA",33,10,2017,992.10390781089058157,320819.178710515885904
"USA",33,11,2017,79.2935460658094463,32377.9874037954790
"USA",33,12,2017,101.26781837267565584,45146.15977943316242
"USA",33,13,2017,72.06256894695960937,30750.96897477367791
"USA",33,14,2017,97.26439821526691503,35095.519574245691007
"USA",33,15,2017,99.0911099207226108,27849.41443343175941
"USA",33,16,2017,413.23552972631197503,152054.490017187147315
"USA",33,17,2017,2016.973542412744375145,674685.885082763420480
"USA",33,18,2017,171.340581913815059630,66718.136850864740855
"USA",33,19,2017,15.7889495650260498,4660.113810722861335
"USA",33,20,2017,69.67720502565107864,28553.85882305252660
"USA",33,21,2017,222.50874835035348315,81413.256939973233737
"USA",33,22,2017,429.843754091656549296,159118.285222591214317
"USA",33,23,2017,330.834332288374716346,89273.49437358085342
"USA",33,24,2017,0.11731826383463542,27.27338326644376
"USA",33,25,2017,1.55990301210937497,265.434931254708735
"USA",33,26,2017,1057.84408014815694849,381275.516978829626339
"USA",33,27,2017,49.91936536197697488,17282.325516690683488
"USA",33,28,2017,58.7031748115711786,22675.111549427738593
"USA",33,29,2017,71.71824485577038452,22071.05787908456581
"USA",33,30,2017,90.942074309199478065,36570.980913053996113
"USA",33,31,2017,31.26839033042533367,12062.573995615128303
"USA",33,33,2017,19.341826747595481986,4208.581474133081923
"USA",33,34,2017,263.84146786438821005,96264.98026025471365
"USA",33,35,2017,144.68171048279723606,44219.903890314057809
"USA",33,36,2017,33.847799527808119005,11985.685686064863772
"USA",33,37,2017,147.33377435867631924,49597.42142300334535
"USA",33,38,2017,7.0457481311762152,1736.49362113503942
"USA",33,39,2017,272.66906744207193542,92490.288854286224873
"USA",33,40,2017,83.26540695350910674,36535.34265087764953
"USA",33,41,2017,40.8614247639757266,14659.9777492739072
"USA",33,42,2017,0.29360644452690974,93.958279966184877
"USA",33,43,2017,164.06711567398258223,68566.41393133625967
"USA",33,44,2017,8.406723873752160055,3213.20401709342819
"USA",33,45,2017,36.89314648577254376,13528.96436060125597
"USA",33,46,2017,1856.45983469700343902,584699.611769983843631
"USA",33,47,2017,633.79357814425967153,255177.742890766572673
"USA",33,48,2017,44.19831226819439865,17872.00876111518632
"USA",33,49,2017,75.58907264107199388,31390.975834760282704
"USA",33,50,2017,37.41538509835500226,14080.85269496319965
"USA",33,51,2017,10.8390810053710987,3352.8971898306018
"USA",33,52,2017,247.54657344911755351,84481.534245836216815
"USA",33,53,2017,159.37544305154084504,54600.447019169733112
"USA",33,54,2017,221.98673268965122502,90851.38477277016867
"USA",33,55,2017,49.08801346142354598,20344.05851042510721
"USA",33,56,2017,78.53087862105457161,31070.113054266067646
"USA",33,57,2017,146.944761107100820784,57392.876684911804389
"USA",33,58,2017,244.59036563365919847,100732.887761218155696
"USA",33,59,2017,184.07904841897365549,78268.93308944255227
"USA",33,60,2017,79.98313949686208178,22149.212715017428213
"USA",33,61,2017,64.83318783019981005,22943.45079181929837
"USA",33,62,2017,75.03456074578343417,25828.546723373257642
"USA",33,63,2017,14.58191422244356524,4966.50886626324703
"USA",33,1,2018,159.66130745585735347,68102.818807033670507
"USA",33,2,2018,62.1855333535524297,22746.64017683451021
"USA",33,4,2018,29.40940970028646934,10310.802148590896414
"USA",33,5,2018,195.718961300785695175,77448.86873696938143
"USA",33,6,2018,45.97875169242843209,13950.899547322384187
"USA",33,7,2018,123.7654108348029829,44472.15962803014365
"USA",33,8,2018,12.226883225017358,4565.7326637749857
"USA",33,9,2018,125.996953163984409194,52780.965992513315388
"USA",33,10,2018,884.66791267265771132,274793.683218977264408
"USA",33,11,2018,89.54123551728942278,36308.302734687175936
"USA",33,12,2018,111.0877232175781189,52092.38177529597198
"USA",33,13,2018,67.561294081501733705,28681.435452548204377
"USA",33,14,2018,157.66146508981748102,61960.451436257909885
"USA",33,15,2018,84.827840897222172696,24953.812750697862501
"USA",33,16,2018,921.38810052814508852,351249.891313283584199
"USA",33,17,2018,1870.63249090948653917,643847.973550534613470
"USA",33,18,2018,99.04592763741095005,39160.28356521779812
"USA",33,19,2018,8.04063953619574655,2619.310592586734734
"USA",33,20,2018,112.12738181956379257,49983.313743050720575
"USA",33,21,2018,260.82234256525829889,97859.565665493231123
"USA",33,22,2018,528.379518221690280556,196000.231504548627098
"USA",33,23,2018,292.50592690805427514,81650.11531141282577
"USA",33,25,2018,2.17589838595486117,443.50392157196524
"USA",33,26,2018,1167.89421661312522909,428699.69093939500934
"USA",33,27,2018,47.00119661141923934,15793.8698147745697
"USA",33,28,2018,109.51965698488273391,42368.403602079376582
"USA",33,29,2018,99.82074846013474326,31944.06044105364741
"USA",33,30,2018,16.0523756726736117,5985.2360679595655
"USA",33,31,2018,16.3390776342686444,5684.359853953045574
"USA",33,33,2018,16.18612890666448833,3627.993047524887743
"USA",33,34,2018,286.32323620873622485,104303.965645043364336
"USA",33,35,2018,97.90929591398430286,30539.96198018637940
"USA",33,36,2018,57.02967517929268291,18915.76617610497756
"USA",33,37,2018,308.70514760715789085,107461.505120850699687
"USA",33,38,2018,16.348056079032106414,3917.370425917550063
"USA",33,39,2018,140.46532040384110959,46916.766985048972596
"USA",33,40,2018,118.33199969149060169,52493.73606000953520
"USA",33,41,2018,48.97304362293618265,22130.57608560026682
"USA",33,42,2018,0.29320807684895833,110.58544796656908
"USA",33,43,2018,181.76357476913849207,79433.379633206163303
"USA",33,44,2018,2.05597129213324692,754.810506801001474
"USA",33,45,2018,43.892995457773415,14669.1234031505103
"USA",33,46,2018,2887.17587921307726169,950161.872236248858372
"USA",33,47,2018,453.21798537896859920,185524.679873884739803
"USA",33,48,2018,34.9142600303059726,14185.442212509779455
"USA",33,49,2018,114.665205887569911,53826.570369001995342
"USA",33,50,2018,107.35979999307298393,38719.42549497878373
"USA",33,51,2018,15.51604824669268844,4803.430575683648286
"USA",33,52,2018,180.2329554341203285,62932.484652171938042
"USA",33,53,2018,191.65668639457473489,72985.301887245055036
"USA",33,54,2018,542.935603376004719496,216142.566849110149202
"USA",33,55,2018,69.6337687895812161,29367.24864865896277
"USA",33,56,2018,50.54131086793400335,19189.215409656695674
"USA",33,57,2018,115.513237353925717074,43256.535572561743226
"USA",33,58,2018,365.31037665737381578,153312.32261653912474
"USA",33,59,2018,250.84690308792520,114072.27764702426
"USA",33,60,2018,127.32973022173813252,36904.885408092096682
"USA",33,61,2018,54.541602298602553144,20649.164794298889226
"USA",33,62,2018,39.5645453480273767,14112.38687705754716
"USA",33,63,2018,38.15884729671655866,11724.32559280503412
"USA",33,1,2019,86.5457887472523872,34314.94933474502915
"USA",33,2,2019,57.14577655777134598,21474.348958519458025
"USA",33,3,2019,0.7605687336827257,211.8476130121901
"USA",33,4,2019,29.72271987707901666,11696.56784756466316
"USA",33,5,2019,146.849556099051432446,58194.148061815624798
"USA",33,6,2019,49.031171916345501975,17966.587738193271108
"USA",33,7,2019,95.3350561685937411,39610.98041596039055
"USA",33,8,2019,7.6919929125520871,2838.1710118049071
"USA",33,9,2019,199.38153273222033721,82530.92599797659843
"USA",33,10,2019,645.14577772474776566,199403.316559177346806
"USA",33,11,2019,64.262135558268093674,25190.82829360871514
"USA",33,12,2019,111.14911912541677664,52267.71639275433864
"USA",33,13,2019,101.2883283661849347,41436.6030256559858
"USA",33,14,2019,80.5072854946700120,29927.56938029230758
"USA",33,15,2019,98.860539984941365534,28796.204336654275449
"USA",33,16,2019,372.505101616320554594,143835.960419387394180
"USA",33,17,2019,1403.63514757275691731,493587.141134755162595
"USA",33,18,2019,141.24651339568602427,58145.26568530862353
"USA",33,19,2019,5.15086752523871565,1638.12052193440372
"USA",33,20,2019,103.39869479791239786,37715.511770096130424
"USA",33,21,2019,219.94211983486127561,82984.327323759193473
"USA",33,22,2019,566.08315936887612376,217329.67500975826216
"USA",33,23,2019,194.08474092336040395,58190.858072579421967
"USA",33,25,2019,0.66881271238715284,73.49968217833817
"USA",33,26,2019,675.23688756463009002,254290.484357866254759
"USA",33,27,2019,43.13840955660808647,15360.13650211729087
"USA",33,28,2019,98.31913151892163556,37200.439947095656385
"USA",33,29,2019,69.831335672745211,22251.18119806648225
"USA",33,30,2019,16.2674978158203088,5762.74599226127008
"USA",33,31,2019,31.2659496063802247,12491.389126646232292
"USA",33,33,2019,46.878976964865458734,9857.227367484456992
"USA",33,34,2019,318.57386317629068613,126116.48596244736378
"USA",33,35,2019,60.04172425947263363,20158.778440395150629
"USA",33,36,2019,26.761554494407557294,8941.011943702310985
"USA",33,37,2019,114.05256791175777281,39818.898592841153514
"USA",33,38,2019,40.12387010194664936,10886.926528499722102
"USA",33,39,2019,214.7483754783206896,72861.34419379106567
"USA",33,40,2019,151.8501272107704620,67437.0424632385195
"USA",33,41,2019,31.6695245923980570,12160.5068499307049
"USA",33,42,2019,0.29372933920355904,55.896701984089475
"USA",33,43,2019,196.8790839118276173,81874.22852831560485
"USA",33,44,2019,6.11287182320095545,2052.80614444039755
"USA",33,45,2019,31.880972446447448,11946.758228039515
"USA",33,46,2019,2461.76142158557543189,790865.105127113584618
"USA",33,47,2019,528.16988560558385260,217101.357813317860650
"USA",33,48,2019,16.18464643269314968,6172.42455018711524
"USA",33,49,2019,113.974841000460054034,56216.229213095266653
"USA",33,50,2019,45.06659049511295546,17034.37268729874250
"USA",33,51,2019,19.89663138285157277,6846.256547397908024
"USA",33,52,2019,98.17648120686837446,33568.495671447048886
"USA",33,53,2019,153.21015238978062280,54724.790000738499851
"USA",33,54,2019,140.3845048156638809,57132.37761719982660
"USA",33,55,2019,55.69018907249121843,23399.75403249443225
"USA",33,56,2019,68.035847851074117424,27564.162715102433567
"USA",33,57,2019,118.5577136526930252,44139.24733929935330
"USA",33,58,2019,301.042576328391570376,122454.759572710835175
"USA",33,59,2019,142.917003068068402,60258.82350162338778
"USA",33,60,2019,112.24779906440534599,33644.807199115079492
"USA",33,61,2019,44.7603767025064440,16810.76884708811174
"USA",33,62,2019,16.900461539858934336,5593.398405239810200
"USA",33,63,2019,23.84888385054253450,7571.95635891144741
"USA",33,1,2020,97.5802418144422450,37202.86411092532468
"USA",33,2,2020,66.43997493269104367,24799.11445914693674
"USA",33,3,2020,0.23417465507378474,68.31295007003183
"USA",33,4,2020,29.1979373714647969,11120.65628104568471
"USA",33,5,2020,192.89041578986546694,81483.283130974739465
"USA",33,6,2020,80.6597403867774468,27696.91237663848094
"USA",33,7,2020,105.3808409315604558,38973.464828843434011
"USA",33,8,2020,37.58206427266700381,13238.00499790725661
"USA",33,9,2020,218.78407834953112685,94271.426246279012477
"USA",33,10,2020,713.16542345389405261,234185.543820800273804
"USA",33,11,2020,79.19721010919700676,31120.964217628927453
"USA",33,12,2020,52.62930687532987022,19347.573957829799923
"USA",33,13,2020,45.67272787542094170,20234.801286643152704
"USA",33,14,2020,95.22817725847013999,36192.478223475122271
"USA",33,15,2020,58.61607889300996680,17949.61928344553317
"USA",33,16,2020,643.28612747576636298,245993.4219087837546233
"USA",33,17,2020,920.88477253237683471,318367.795193325582267
"USA",33,18,2020,113.59266366246965467,44073.05765003699716
"USA",33,19,2020,7.526446043168401405,2285.065621225441503
"USA",33,20,2020,69.42129785360896350,30669.299101424617443
"USA",33,21,2020,513.796645537958121615,200379.558746192234481
"USA",33,22,2020,376.773912767277915214,139965.905898223103415
"USA",33,23,2020,99.836523493756529936,26042.021011529961324
"USA",33,25,2020,32.514858437927352234,6055.276319676908487
"USA",33,26,2020,717.039939994261491594,266971.516342175259908
"USA",33,27,2020,36.6304678746180913,12689.9062277720748
"USA",33,28,2020,81.34680478433155873,31119.123670114038593
"USA",33,29,2020,48.78837705570534911,16131.69556907530610
"USA",33,30,2020,50.22166080963984458,19968.681661076660102
"USA",33,31,2020,17.21665475458115854,7029.50610578697845
"USA",33,33,2020,32.04003798145618488,7780.549763409506180
"USA",33,34,2020,306.25918156350487666,120077.454827879670191
"USA",33,35,2020,77.40672751774303991,28246.69112686251909
"USA",33,36,2020,16.84643498677083683,5877.155541206062611
"USA",33,37,2020,179.06817801741775859,61673.496368191688534
"USA",33,38,2020,39.66549224956813495,9009.836231234496773
"USA",33,39,2020,161.08496722404964821,53231.663419578109255
"USA",33,40,2020,172.43324251469641517,78382.67366200584942
"USA",33,41,2020,26.80213992619145223,9882.64182402618677
"USA",33,42,2020,1.1139799125477432,365.1812273297457
"USA",33,43,2020,189.58161464484124120,80271.622424299211774
"USA",33,44,2020,4.1744674050000009,1525.55590064021393
"USA",33,45,2020,26.100839500839887,9518.9011954502276
"USA",33,46,2020,1454.80441704072273511,467036.540952047014847
"USA",33,47,2020,459.6730286737808432,188704.855570045528794
"USA",33,48,2020,50.199534388092417094,19034.07318455049218
"USA",33,49,2020,117.34112572912766253,52281.701099769582544
"USA",33,50,2020,107.08873726059008504,41194.46993218112586
"USA",33,51,2020,10.38164785100911972,3325.340914252781138
"USA",33,52,2020,99.81358629543868789,31226.83332429149866
"USA",33,53,2020,121.97203694104173045,43842.860481181965854
"USA",33,54,2020,143.443416940401463315,56966.01572223232265
"USA",33,55,2020,24.59817763660157773,9448.09690814268471
"USA",33,56,2020,52.82789851574437858,20804.945814084510642
"USA",33,57,2020,155.26484038185103816,56149.147084652754335
"USA",33,58,2020,418.82815320768748758,181290.594477233489075
"USA",33,59,2020,244.59730860446218603,106084.329527589446494
"USA",33,60,2020,93.174325904774149416,28015.467976717868566
"USA",33,61,2020,31.41279991912321777,12277.07403438614807
"USA",33,62,2020,14.5027309716840443,4893.785433067827351
"USA",33,63,2020,27.2235866097026862,8288.8676957433655
"USA",33,1,2021,118.12904167050147240,50957.890407226610144
"USA",33,2,2021,118.3497020800541354,48250.56367034421176
"USA",33,4,2021,108.95323228695955466,43730.397985879456316
"USA",33,5,2021,133.11828400753698642,55699.184407442118805
"USA",33,6,2021,26.710391604064666994,9760.719322277370109
"USA",33,7,2021,109.05281011046013742,40450.835186355746276
"USA",33,8,2021,18.13629954381075863,6739.76117021397464
"USA",33,9,2021,177.00377722305954479,82576.692173009661734
"USA",33,10,2021,462.68238379208125839,158807.315985641441572
"USA",33,11,2021,101.43337024521259871,41564.235146624357628
"USA",33,12,2021,95.8922053447481469,42941.12496732828415
"USA",33,13,2021,49.58675157311414145,21686.072395583900534
"USA",33,14,2021,86.4104020946591987,31491.79201034617704
"USA",33,15,2021,91.09765107949000233,26892.780052567735288
"USA",33,16,2021,756.46646832171207084,284404.98093378948481
"USA",33,17,2021,834.90191348936453833,272388.63875057551424
"USA",33,18,2021,115.16938058498293564,47789.35030661648747
"USA",33,19,2021,7.02243884927083483,1721.189445910702452
"USA",33,20,2021,85.56718517117395275,38252.71430671269822
"USA",33,21,2021,290.60233570978528953,114088.030179272450766
"USA",33,22,2021,168.41100003389740928,67916.090264744769866
"USA",33,23,2021,86.64054997057297468,26318.85252641767070
"USA",33,25,2021,1.988425783576388856,419.254096590013859
"USA",33,26,2021,642.00539511498206990,250230.740456003042237
"USA",33,27,2021,33.60271959644315287,11226.15170552852786
"USA",33,28,2021,58.54388865686842655,25280.19814244207997
"USA",33,29,2021,100.5855706281770847,32635.375726897379106
"USA",33,30,2021,36.14449187979598603,15364.10213725482095
"USA",33,31,2021,24.8268340260611986,9888.67934385271295
"USA",33,33,2021,38.37612064113932971,9663.876411470565211
"USA",33,34,2021,163.98973041569244422,63461.96085532931380
"USA",33,35,2021,85.2788969943359348,34042.94270337418644
"USA",33,36,2021,25.17971419285375775,8834.556996545163585
"USA",33,37,2021,123.91993546276051812,45286.60882461153881
"USA",33,38,2021,20.7313086059635491,4193.560038331702292
"USA",33,39,2021,211.18918957922557856,73531.075644210183812
"USA",33,40,2021,47.39180295225916528,22544.78469409359747
"USA",33,41,2021,17.87930207268665505,6410.801763327211672
"USA",33,43,2021,285.28025220082521615,125104.5729537756688
"USA",33,44,2021,5.2871625108854209,2238.66665386203104
"USA",33,45,2021,20.51404902179253641,7810.6467373759508404
"USA",33,46,2021,1140.597567257504508176,379012.450332296745306
"USA",33,47,2021,699.06846173459404306,293563.195928272453985
"USA",33,48,2021,42.073814293914916,18147.12751165851305
"USA",33,49,2021,47.865891210648883624,21490.150881322275282
"USA",33,50,2021,84.944348676423588355,33482.19122327284095
"USA",33,51,2021,17.4732221830707396,6526.188124652180975
"USA",33,52,2021,177.7157909944900097,62794.5677384510200
"USA",33,53,2021,218.45885011398414849,87625.32249643926911
"USA",33,54,2021,169.43882198564604792,72454.231735794020791
"USA",33,55,2021,78.1336538671875668,31814.848076416246024
"USA",33,56,2021,72.07092828919057252,30800.054958348946807
"USA",33,57,2021,101.482084584654977666,40128.550950231755556
"USA",33,58,2021,300.11418799777638502,130053.437194796017997
"USA",33,59,2021,267.44982578978930716,115410.79161165522062
"USA",33,60,2021,170.30852905117819008,51297.945083177426771
"USA",33,61,2021,30.35801509487842927,11307.51563590084719
"USA",33,62,2021,20.5404088841493200,6971.303198326652595
"USA",33,63,2021,32.7474781527951260,11841.36081230927471
"USA",33,1,2022,202.33158407876252093,83619.881771577161697
"USA",33,2,2022,68.10315846759768684,25284.916373098464052
"USA",33,3,2022,1.3459533482291668,450.23304153812803
"USA",33,4,2022,64.01329056345274742,26680.279622686862082
"USA",33,5,2022,179.22967489994800325,82209.579886560095409
"USA",33,6,2022,27.27529936165581184,9090.062793601801193
"USA",33,7,2022,21.1909903610546902,7990.41790540675184
"USA",33,8,2022,15.8258044881814201,5782.92371773687439
"USA",33,9,2022,157.247327712282736965,68688.611425757358304
"USA",33,10,2022,1019.73731062014075343,364192.483017968325328
"USA",33,11,2022,100.3316052249760501,37846.59073517127288
"USA",33,12,2022,98.68857599646673585,41715.4222773904689
"USA",33,13,2022,95.62614138226359164,41418.572878188976865
"USA",33,14,2022,156.00933795202674461,60650.244008901763771
"USA",33,15,2022,105.15577240788852184,34868.47495814544979
"USA",33,16,2022,791.34162817483592947,313484.283562317995658
"USA",33,17,2022,1108.398964053474400454,379878.872583011752423
"USA",33,18,2022,212.543405670631820169,87864.785580119110023
"USA",33,19,2022,7.13524937228732815,2631.696022223574210
"USA",33,20,2022,130.42204357916650690,56749.83202065810006
"USA",33,21,2022,290.014145664911291965,115864.488593266905217
"USA",33,22,2022,324.72997027746118602,130526.350460684534558
"USA",33,23,2022,106.6928545191450806,31886.81752915325492
"USA",33,25,2022,0.6113499140321181,107.313487443161742
"USA",33,26,2022,560.89768722510604150,218292.115324886546480
"USA",33,27,2022,32.27131608667102702,12277.94747635046559
"USA",33,28,2022,69.10215916039718654,25798.90106832635638
"USA",33,29,2022,38.9015642646744864,12856.506960866877154
"USA",33,30,2022,57.33082910750220603,22461.20517164024186
"USA",33,31,2022,38.82501459419497874,16312.95677637912762
"USA",33,33,2022,13.8366528809071173,3285.19943698536556
"USA",33,34,2022,291.79507364274043621,116247.71117196543303
"USA",33,35,2022,92.80383690060115892,32747.819673940585440
"USA",33,36,2022,45.57208899234150704,16989.992235162980582
"USA",33,37,2022,330.90477297440898923,127856.84416528760060
"USA",33,38,2022,20.17901875872394930,5706.520046186387247
"USA",33,39,2022,285.512614265008091914,99090.888157185987065
"USA",33,40,2022,75.196776169919625724,31071.82511931857997
"USA",33,41,2022,72.413609648732626884,25330.998849970631477
"USA",33,42,2022,0.64545606282335076,254.45175036856745
"USA",33,43,2022,247.8611771357183585,106495.7965092812632
"USA",33,44,2022,2.76067438981770807,1069.34198644342274
"USA",33,45,2022,36.774517711781719584,13910.39503976954577
"USA",33,46,2022,2004.590115794776151884,706977.728201064211237
"USA",33,47,2022,840.6030917769113931,347666.39789369307982
"USA",33,48,2022,29.700140169463959906,11392.82269420305082
"USA",33,49,2022,78.950799783919293586,32778.434440382035196
"USA",33,50,2022,70.1575990460870897,28980.82805951568391
"USA",33,51,2022,16.539785034939235244,5491.44231673517296
"USA",33,52,2022,174.87883680190551022,61112.11641481406666
"USA",33,53,2022,337.0396393402015817,133372.196534181414938
"USA",33,54,2022,187.84367604029516633,78549.864398884294919
"USA",33,55,2022,156.2114791903838320,65165.19642966800215
"USA",33,56,2022,54.78250274502820068,20483.25075907835853
"USA",33,57,2022,164.91151254126751689,63740.948059727631683
"USA",33,58,2022,410.682304623846261826,175643.178239406533054
"USA",33,59,2022,335.41044019996479427,148974.31326708540891
"USA",33,60,2022,175.4115654880639837,52553.58020788327294
"USA",33,61,2022,68.4548227774219744,25691.40621367701266
"USA",33,62,2022,15.30885048821833833,5055.76898000233343
"USA",33,63,2022,17.8846141089561567,6658.33595105147437
"USA",33,1,2023,148.591543927282644126,63322.954659557638112
"USA",33,2,2023,136.6603148295444922,53884.8374519360027
"USA",33,4,2023,59.2826952598329755,25643.96264892168735
"USA",33,5,2023,200.403892474656649176,87850.587614839186707
"USA",33,6,2023,90.09964296981990524,29934.192646112689263
"USA",33,7,2023,77.9118811023155212,30239.80208519200933
"USA",33,8,2023,43.8398852057791066,17322.30529692993068
"USA",33,9,2023,183.77735443562078063,80591.43984221605466
"USA",33,10,2023,401.93411953948053533,146094.905095112157783
"USA",33,11,2023,51.3602773599479530,23080.619503922901644
"USA",33,12,2023,30.967172458626296754,12310.055628363552659
"USA",33,13,2023,56.2854612055121751,24293.36328442368464
"USA",33,14,2023,65.4338598434700226,25879.74500932890437
"USA",33,15,2023,85.0994723584181235,28532.70633689385233
"USA",33,16,2023,329.35385387230466223,134330.301212255834559
"USA",33,17,2023,1070.834214889338181454,386974.993864873214557
"USA",33,18,2023,247.904738323485365734,104912.524554439574664
"USA",33,19,2023,9.45348917439887303,3431.444952654615925
"USA",33,20,2023,57.85631918044484195,27127.23109937126640
"USA",33,21,2023,487.438435703764636271,197813.546319314234652
"USA",33,22,2023,268.97803496404596693,110742.669665595200325
"USA",33,23,2023,157.4190645201349657,47317.22602265235703
"USA",33,26,2023,701.76189121980084522,280220.195717112236265
"USA",33,27,2023,66.67442357779297101,25372.822838006016715
"USA",33,28,2023,49.91301236307722278,20622.74171926917117
"USA",33,29,2023,68.16672164737838369,22049.498468228066566
"USA",33,30,2023,67.0865741472223402,25702.17352421971857
"USA",33,31,2023,15.10131244585503137,6752.765275746637716
"USA",33,33,2023,10.39376619240016646,2498.524311948742332
"USA",33,34,2023,157.611889133895623605,62898.613733624580414
"USA",33,35,2023,115.0403423832140365,42772.460337263549309
"USA",33,36,2023,32.01218214821178836,11881.691742646330094
"USA",33,37,2023,186.74375331422556506,77535.84879663779772
"USA",33,38,2023,20.57443990502386220,6548.782488182968324
"USA",33,39,2023,287.3455995502478508,126516.735300509739676
"USA",33,40,2023,57.03346164505856858,25647.92930457010872
"USA",33,41,2023,31.68270181384982017,10591.858731718343338
"USA",33,42,2023,1.2304014030967883,290.69813740851089
"USA",33,43,2023,198.71322678861835954,87364.28435795905488
"USA",33,44,2023,4.70287976059028032,1914.12196757056449
"USA",33,45,2023,105.0010988751601353,39959.84220366334404
"USA",33,46,2023,1337.646264922974380234,474924.272777864121360
"USA",33,47,2023,600.84734989980359690,258775.82728279081008
"USA",33,48,2023,49.4463531801519273,21458.5035252507149
"USA",33,49,2023,80.11939526767142779,34718.3813595962116715
"USA",33,50,2023,47.0423868037369662,17676.256285240277388
"USA",33,51,2023,10.56586907285156808,4076.397799642717909
"USA",33,52,2023,68.08407351172960862,25353.03734169648618
"USA",33,53,2023,288.628263290768218800,110617.126723482113926
"USA",33,54,2023,141.28925359109809775,56585.565724990094125
"USA",33,55,2023,105.4612476286464758,43735.39079352701623
"USA",33,56,2023,45.6534221599066621,19426.60278479228596
"USA",33,57,2023,152.063929054785232235,53268.065549416130086
"USA",33,58,2023,231.42939032483144237,103442.434818000147765
"USA",33,59,2023,140.2828894585808966,65921.863967138071382
"USA",33,60,2023,197.82928213384131971,60322.423653150891960
"USA",33,61,2023,29.05591527844837723,11827.132762518441506
"USA",33,62,2023,27.3674887397916479,9359.4624367600821
"USA",33,63,2023,44.6957803654144432,16681.62834666926705
