adm2,umd_tree_cover_loss__year,umd_tree_cover_loss__ha,gfw_gross_emissions_co2e_all_gases__Mg
1,2001,98.83319473501513,31253.35706557908
2,2001,100.84997360628928,28214.170116970803
3,2001,1.170577554635417,203.0366915277835
4,2001,51.50563156915797,16508.408146956495
5,2001,69.42416453636493,21069.41466049496
6,2001,11.745235025848524,2873.0179220793193
7,2001,63.525136534062554,16518.089154452555
8,2001,26.732040086742625,7139.37945495041
9,2001,129.17705731106759,40318.05722543488
10,2001,708.34356773011,174558.43141234614
11,2001,70.97860428053822,21768.574629729635
12,2001,24.999837440609813,7801.532900644802
13,2001,89.63993888676646,29893.66340062802
14,2001,113.3278389508464,33250.517361903854
15,2001,55.898489922319925,12129.727307015783
16,2001,260.77743685969153,73169.66547089854
17,2001,375.99155477343743,95513.92900629272
18,2001,127.41890731114584,39153.51364749387
19,2001,5.152909791582031,1305.0925016099832
20,2001,73.75090351913417,26509.46748613121
21,2001,159.53323538422748,53868.570940110025
22,2001,175.53878424801852,50193.32406944611
23,2001,45.239502370696584,9970.594271208698
24,2001,0.1172545168229166,17.02686732669342
25,2001,2.082681965407986,312.18953054546864
26,2001,82.8643397654145,24128.11060263759
27,2001,10.302439763739148,2793.702421103734
28,2001,80.08560814785811,22953.59994085493
29,2001,33.7635233922157,8237.509051286266
30,2001,92.16586679835935,28455.851176473006
31,2001,18.615898538754344,5162.888327034911
32,2001,0.0585404034266493,4.29664283355258
33,2001,13.837517766558168,1913.0401284397692
34,2001,188.1956865620051,52760.005960110306
35,2001,77.77862735808156,19447.92120172916
36,2001,12.67451053413194,3263.9868111728856
37,2001,244.57787823049696,57952.153600492726
38,2001,4.623720486365017,909.5670764614138
39,2001,70.71869752253912,17427.410360555128
40,2001,132.04075610155377,44163.84631446854
41,2001,25.187300479307726,6855.554963591674
42,2001,0.9379356807139758,225.2430918236442
43,2001,153.1297365662867,51817.35875274338
44,2001,3.8799092589192705,1061.1343255911029
45,2001,68.58483455943372,22549.577134261403
46,2001,508.8037062596728,129690.45869299218
47,2001,298.7479263097438,98165.61000460743
48,2001,40.04006318571833,11816.484510568524
49,2001,100.58286870091796,36640.00638259644
50,2001,18.24846007787978,5417.853125502963
51,2001,2.442879029294705,525.4066848245933
52,2001,86.95333927981359,23148.57080907608
53,2001,345.812890145215,91751.68972201111
54,2001,56.45990093373263,15468.729973493699
55,2001,54.601857267973074,17888.9088906845
56,2001,18.471994547322065,5973.695790760139
57,2001,125.58084976048612,30370.2115473332
58,2001,158.20243523131083,52859.50215995078
59,2001,137.8756811244966,43876.214203079595
60,2001,14.957622761733944,3202.9694847448
61,2001,84.44828604520184,25639.99337284601
62,2001,11.714934676992188,2933.0128438783618
63,2001,4.84304734919488,1119.759711511126
1,2002,60.314741512851604,19313.918065190468
2,2002,69.29561870790363,20766.827611979752
3,2002,3.746980227641058,988.1457426644528
4,2002,55.90482082259762,19040.31780879167
5,2002,95.99978169710934,31178.985846832227
6,2002,30.010546959980463,8828.885941744058
7,2002,47.48921336217238,13206.149083189133
8,2002,27.358114498615425,8620.241832110036
9,2002,55.97473779193792,17994.4036724665
10,2002,627.0251945076768,161043.02332814256
11,2002,74.06479330994135,25813.76719396656
12,2002,22.03878256226128,7477.733702254691
13,2002,83.35635316735453,28537.07719735047
14,2002,108.28278449887372,33067.04983854983
15,2002,30.47001408374783,7839.667009466745
16,2002,232.49089233753477,72692.06979057513
17,2002,553.832377243343,150917.43548816632
18,2002,62.00485522991536,20555.120701709824
19,2002,4.020245823908421,941.3366167821345
20,2002,53.10064110561631,18600.796734910844
21,2002,75.57931539991318,25264.115153586394
22,2002,133.13724008593968,42137.03605117513
23,2002,100.38041448242387,22884.95179481087
24,2002,0.8804459156814237,101.713575460878
25,2002,0.7859041525217013,221.0239530428267
26,2002,125.87285783754344,33947.93101971896
27,2002,19.495213369550825,5656.178723142172
28,2002,42.07730786073346,15505.47745941184
29,2002,39.068477297272125,10225.443425337717
30,2002,12.697786547065972,3217.120827803707
31,2002,15.873768707098527,4847.87628778989
33,2002,3.6102953930620663,581.3658832208957
34,2002,93.29522920167757,24990.579077791135
35,2002,57.660677281061176,15227.538223263156
36,2002,19.9729672188802,5527.535078617967
37,2002,113.94708515819464,31777.13049290099
38,2002,5.975992011427952,1340.899119596275
39,2002,72.21157766610887,17103.872420221993
40,2002,118.98355175860029,46597.31912330486
41,2002,33.7203714253624,10211.267802727283
42,2002,0.9384673641927084,241.82363788440685
43,2002,93.73245590824418,32196.24385329855
44,2002,1.6458112420638022,403.95716277618135
45,2002,20.807640793298606,6431.890977890848
46,2002,351.33804957450906,94379.30904472999
47,2002,144.45646377819892,50787.708852927215
48,2002,13.971923324503033,4373.133480226307
49,2002,77.76909324409296,28924.246680817338
50,2002,41.934737644702686,12678.923318774756
51,2002,9.985486060685766,2839.4559925741282
52,2002,75.10958353865459,20472.499634453518
53,2002,207.361779208579,58966.92635479176
54,2002,48.550783511237015,11536.499489355816
55,2002,71.56510399462874,24526.528873963194
56,2002,20.23452881782769,6858.547576326245
57,2002,65.07120722497179,20612.96015530024
58,2002,131.93202604302934,47394.904305048105
59,2002,52.54673975304469,19497.536041273448
60,2002,32.68669396105903,7637.205111100333
61,2002,68.3345539983528,22079.634160425885
62,2002,7.794115311137149,2030.819992666578
63,2002,8.029517138088108,2029.203593453297
1,2003,3.7593886484635415,1295.4830262340747
2,2003,68.15379246675553,21658.21437558728
3,2003,0.5850208390190973,81.4593918248121
4,2003,115.48611519599642,45646.16033899933
5,2003,28.93777992639539,8936.154817670402
6,2003,26.375593261100256,7571.770097436909
7,2003,10.997922363919272,2801.753927009036
8,2003,33.51794027393879,11007.421462786202
9,2003,80.5393124326281,31952.10324204471
10,2003,506.9294235081862,132605.76203504635
11,2003,28.053659043335507,9061.820681244903
12,2003,25.61422614067057,9868.99144923516
13,2003,57.450475901206566,19585.814066301868
14,2003,55.08320950304249,17538.672986620113
15,2003,5.39427458950955,1290.3838079774305
16,2003,125.7993180204774,39144.956947791354
17,2003,409.5437773658834,112114.0811491178
18,2003,24.30243747624132,8173.955077133403
19,2003,2.9474462739583327,838.6657521254056
20,2003,17.340709136644964,6267.094105238602
21,2003,50.284559398509096,16406.538059881477
22,2003,73.00492949176859,21882.88343122504
23,2003,109.95261055849868,24974.51070911145
24,2003,0.3522506811631944,41.998559597638646
26,2003,68.82928908031033,19512.290893811256
27,2003,40.870216839932866,11273.41543024932
28,2003,36.143765671421406,13640.772495035948
29,2003,25.346808198648016,6662.8494506477455
30,2003,2.7780587584201393,988.8936941607104
31,2003,12.589362033632812,4150.577115273495
33,2003,1.5793187198394096,305.99736621549926
34,2003,48.5171837482422,15107.15519954146
35,2003,56.74623641568576,16519.972805806105
36,2003,8.851806377285158,2551.702322749826
37,2003,28.675235896655817,9219.542704605541
38,2003,1.579609911512587,281.95916147275165
39,2003,78.73555998983507,20388.571416515108
40,2003,21.189120941990012,8086.326082557704
41,2003,13.172893245518669,4269.087710866973
42,2003,0.1757500322048611,55.3714635227597
43,2003,65.15180661689675,22888.47547628436
44,2003,2.82124454296875,923.7369809674113
45,2003,16.196025294129758,5349.145731020023
46,2003,372.8534098868425,95769.01259085261
47,2003,88.97973258348752,31808.581707786936
48,2003,6.300529807684461,2154.7979871686007
49,2003,6.442624385256076,2711.7685518441663
50,2003,21.166911722300338,6641.244336518181
51,2003,2.5538013722309025,702.6308036832404
52,2003,75.51867634157988,20223.546751630976
53,2003,208.45615385913192,60440.52132592706
54,2003,21.113618565184456,6547.0026829343105
55,2003,61.22536310916445,21942.96519997804
56,2003,66.48762585318575,24974.526495771443
57,2003,26.597194570696608,8186.876471485605
58,2003,42.38914207769315,15249.991438668096
59,2003,13.724806109435765,4908.441529076731
60,2003,15.298284663157553,3998.076324383876
61,2003,36.02500690258034,11837.885101907916
62,2003,9.105252541206598,2654.497596209732
63,2003,5.240795289904514,1460.07074741938
1,2004,92.74005822612207,30368.280241721404
2,2004,107.51364263505012,33481.03508526435
3,2004,1.990644602769097,479.09277890919344
4,2004,65.30546466530387,24168.061300694382
5,2004,161.3205352604166,52615.92720709238
6,2004,34.989913560251736,8153.510274363749
7,2004,149.41725087529295,43247.44445374039
8,2004,63.27157360108942,19749.89212308393
9,2004,107.09672814311618,38175.422805300055
10,2004,867.2403191585677,229128.17164769417
11,2004,45.268286396970495,15379.25378198354
12,2004,40.4714410179362,14895.877344686513
13,2004,105.75034642628032,35991.82451271313
14,2004,174.9357322425735,54257.45371696658
15,2004,126.29990428760377,32821.17403405097
16,2004,336.3553159142819,104522.764224462
17,2004,765.1057853964521,208107.96264697253
18,2004,133.41305014153215,44559.80466111488
19,2004,6.112780140132379,1650.4679395522744
20,2004,83.49327932182936,29882.578447684704
21,2004,108.20804956232634,34413.224627877935
22,2004,178.67450565465467,53896.948318146184
23,2004,67.54396315558597,12930.277390000652
24,2004,0.5871983131944445,79.29803952839818
25,2004,4.609785383083766,538.7924215351886
26,2004,228.23610157556368,66224.72053740494
27,2004,15.990482504253476,4321.699237347597
28,2004,74.21255099311851,25421.598424542288
29,2004,59.43507821861326,16576.670375280213
30,2004,30.736470493272577,9873.379771155562
31,2004,17.751706897148438,5298.2312302907185
32,2004,0.0585358385177951,7.647435416527718
33,2004,12.024773588014327,1996.081534029432
34,2004,180.00862423005643,56179.1376473882
35,2004,88.69886644607635,24912.6433978874
36,2004,25.655828073710936,7368.950268011891
37,2004,132.8350604698196,40516.957360733446
38,2004,13.646530289379337,3808.7348845182073
39,2004,107.18587896720265,25582.40634441549
40,2004,71.85816924151032,25124.08269529993
41,2004,20.891556440006514,6867.439058907485
42,2004,1.1725051247960068,313.18273160014365
43,2004,119.95210409961572,42805.50120738361
44,2004,5.522031612252605,1705.946586137638
45,2004,22.43524480340062,7094.073864064148
46,2004,565.9923793319881,137174.59306330307
47,2004,620.195617344463,214409.8935419866
48,2004,30.659547811310752,10608.990571154156
49,2004,65.98923915938371,25656.152527138976
50,2004,42.22770088591581,12653.974817934784
51,2004,15.027391145696628,3925.2478976318976
52,2004,113.00459119239592,29969.402082392244
53,2004,256.40008026738224,79894.27720853966
54,2004,144.20996059678404,44790.90989295644
55,2004,89.3710433511676,33043.58832141259
56,2004,68.62608572879549,24145.552188311613
57,2004,129.27741086734807,41768.73208121874
58,2004,466.813563388811,171168.18443001513
59,2004,104.45941503403216,37008.4953450694
60,2004,21.910734949926216,5068.472042828115
61,2004,37.91509380466567,12253.43697565542
62,2004,32.31997178588547,9217.841868417061
63,2004,16.91195010843316,4797.225555249573
1,2005,63.0537258898155,21411.325737544405
2,2005,112.34112454810553,35728.849347431475
3,2005,5.849298868042531,1688.7278562791869
4,2005,53.08500071238291,19324.109599733987
5,2005,160.68422044291228,55915.00987707205
6,2005,28.967249952343742,8160.127907398121
7,2005,116.29863260298164,34649.12008133538
8,2005,32.98780701224387,9992.889463580444
9,2005,45.774349813956135,15426.593631972088
10,2005,1279.1694138222144,349646.71736159886
11,2005,57.8403902203841,19464.97885130659
12,2005,14.072431153967017,4225.104213811196
13,2005,79.00242324055117,28374.82287643778
14,2005,151.2281922565142,49360.5317962788
15,2005,99.03447148813136,25274.553636287437
16,2005,373.7602023833679,118497.30675527643
17,2005,1564.1148671221295,440863.6408500576
18,2005,70.72624940064017,23274.180670021335
19,2005,9.11668985719618,2589.155429403558
20,2005,92.84297207699224,32828.53239517311
21,2005,174.73784522378685,56295.49722679796
22,2005,225.578354395599,69635.40921609131
23,2005,55.760758455151915,13633.927478030577
24,2005,0.6458029958072917,132.11467402889204
25,2005,0.3351508801388889,46.690840347260995
26,2005,261.72983916671666,79242.96234755575
27,2005,10.584876576193576,2874.0396839575865
28,2005,35.22068804755643,11790.12618959014
29,2005,55.367739257332865,15454.556287864614
30,2005,18.82690390857638,5472.123546923347
31,2005,29.629145586842448,9442.311528037731
33,2005,11.625432782113716,2074.5381969289474
34,2005,94.80177746277124,30269.475343478396
35,2005,83.1197859480708,23394.373865831887
36,2005,23.667629187402365,6937.146446006352
37,2005,125.63140313679888,38409.77195850147
38,2005,12.292428148257377,3253.759645622132
39,2005,97.79383497890413,25831.949184939724
40,2005,58.37041283596571,21876.741075799895
41,2005,24.78380613911242,7999.696106193467
42,2005,1.583052920501302,295.1121598623699
43,2005,152.91436844840706,56708.69210610198
44,2005,10.349018679375009,3455.385533131807
45,2005,19.52004990638019,6322.748232420517
46,2005,1217.354175887094,333703.2982913519
47,2005,326.7148450030184,115129.14765383943
48,2005,11.811464917482642,4024.309110923787
49,2005,22.51505797513672,8327.9885275135
50,2005,42.2726048043229,12778.022296571651
51,2005,9.021745726106772,2569.1871853640446
52,2005,90.02158234794484,24958.243611555892
53,2005,159.2968452357314,46897.70449184624
54,2005,75.02296006723302,24076.65012708259
55,2005,29.32257392410155,9287.300028394382
56,2005,35.08664647847438,11735.61417787513
57,2005,94.35183736937717,29701.30620549447
58,2005,251.04080850717193,94013.16305585235
59,2005,56.75686672808812,20794.383307094125
60,2005,42.66362183910375,11261.41351338504
61,2005,73.37092173373073,23915.866853567488
62,2005,22.78498063427736,6771.97286877374
63,2005,14.58708386100912,3841.3192751542338
1,2006,66.45693230582681,22986.724629845263
2,2006,193.22177666863132,62046.43417590586
3,2006,1.3466200616558164,305.81378093793944
4,2006,33.92974087267575,12427.819341101944
5,2006,187.2671002659571,67901.90060729155
6,2006,27.769250234796,8631.723952039885
7,2006,85.29449146319648,26712.75195614821
8,2006,25.486698620186676,7748.649309169547
9,2006,115.11638040285362,43014.360556459374
10,2006,1069.5141078841439,293831.0462315643
11,2006,86.35947061754352,29724.493089583368
12,2006,73.63618345524306,26131.24368719457
13,2006,117.19352253529512,40162.88837588167
14,2006,139.56279134665397,45700.83382141636
15,2006,35.91398720255417,9497.172642675932
16,2006,306.27540876384586,100189.1323198624
17,2006,562.1416781941024,157211.04718612993
18,2006,81.05728942303821,28281.51322907623
19,2006,22.57118707218528,7576.251319163282
20,2006,84.93841584394961,31486.830819316216
21,2006,84.4710854247027,30488.792152707418
22,2006,131.51898122777564,42602.0090762408
23,2006,52.11360955405172,10098.544147876348
24,2006,0.998102803654514,198.25089552816604
25,2006,0.4960228829817708,56.042048273393696
26,2006,150.1019475147872,46527.74086692862
27,2006,5.23315752170573,1538.1002268171635
28,2006,60.44655583795361,21743.224473379516
29,2006,53.72997794468317,15675.593797031584
30,2006,19.21743674616536,6250.9197171564765
31,2006,21.3790315498611,7161.194046235345
32,2006,0.3515512450737847,65.13733732887135
33,2006,6.15226823292101,1022.1992454623976
34,2006,95.49619116950953,31001.69995919751
35,2006,58.41450374870879,16850.249034771743
36,2006,11.344711953817272,3284.5817910211176
37,2006,141.02199713320323,42715.16318068443
38,2006,16.124926401430127,4374.966478013812
39,2006,51.05962550933155,13758.277075594258
40,2006,60.00580525588109,21512.51138178728
41,2006,35.52139279835727,10830.401974676171
42,2006,0.4103751395855035,60.289166801693355
43,2006,205.4368127677238,74196.14554692553
44,2006,5.7600976665885435,1873.401673252796
45,2006,16.555613675716142,5839.834580283492
46,2006,356.69247103352166,91261.36850718837
47,2006,384.32199580507046,135647.01066083263
48,2006,17.379852543574216,6236.816187919294
49,2006,28.801194729186214,10304.097728871202
50,2006,34.786408358257376,12116.106393262535
51,2006,5.564352744932728,1665.8076234282498
52,2006,46.14468358600702,13052.38524543816
53,2006,210.81495956899312,62966.136905178726
54,2006,158.6539688023439,51540.053858517014
55,2006,62.26198184115663,22142.248936284588
56,2006,60.285779835881094,21450.481951012447
57,2006,116.45457891055123,37804.34865329537
58,2006,190.56163772244545,71869.83993943737
59,2006,107.9688075607074,40927.765445181765
60,2006,33.632276639027786,8987.263001253124
61,2006,83.28807291662127,28251.66018364988
62,2006,32.89259069455946,10407.246744459348
63,2006,14.07951401652778,4038.6860225756222
1,2007,115.87940193186208,41555.62982057496
2,2007,327.73089567999045,105541.29639875768
3,2007,2.224276145588108,566.4062357145574
4,2007,44.41156754432069,16791.76654743088
5,2007,245.09890582000196,87137.90616003197
6,2007,27.502599280312506,7916.603313253194
7,2007,183.32144168701373,55938.90943632438
8,2007,58.020281608051064,19181.766581677955
9,2007,117.08595596934236,45051.40213561826
10,2007,814.3534754430668,228187.71581567696
11,2007,63.76296598606121,22733.473594181713
12,2007,32.44521376013672,11589.75512972672
13,2007,107.14143873085916,39322.16821555068
14,2007,119.85496460913834,40393.15495673289
15,2007,128.4865753119508,33295.2031974426
16,2007,348.7891495686635,113176.089042404
17,2007,644.4845800078754,183438.53040577337
18,2007,106.44575119176427,36960.23168139916
19,2007,13.595605968717452,4306.711406655244
20,2007,75.96061539716148,29243.15902577633
21,2007,125.53753904269512,46808.60088766878
22,2007,155.9013514689562,54105.79361297075
23,2007,92.333188445994,20695.987432924383
24,2007,0.1762815451475694,13.946585953860357
25,2007,0.5566075424913195,98.92662019515514
26,2007,206.95009224397964,64019.43723790348
27,2007,24.898518216438813,7299.791843739552
28,2007,44.73537201012152,15496.297026493152
29,2007,54.69580192640404,15888.881219055398
30,2007,26.590019438658853,7850.817737143203
31,2007,21.49628713439671,7228.943891566018
33,2007,30.018977079316425,5336.751253278088
34,2007,78.51576467398657,25217.03562007105
35,2007,58.85641636992189,15251.966853762067
36,2007,21.21790368957248,6095.6724245282285
37,2007,128.96302500335952,38945.84677873032
38,2007,12.522269148350691,3341.09530665971
39,2007,73.89949773484585,21239.978454206142
40,2007,47.59536109494789,17001.52178150765
41,2007,48.57711138617194,16001.845329902266
42,2007,0.8203063060525173,222.58214578683473
43,2007,162.53662109836762,57475.88957156337
44,2007,2.057430256258681,670.0169586835707
45,2007,15.325290756219616,5192.534969749541
46,2007,565.2748338422168,139454.30993853108
47,2007,408.69807431159853,155268.80111399322
48,2007,22.25435769835717,7517.878357169833
49,2007,94.52020649342656,36724.862181100296
50,2007,42.33503781268883,14362.81129469938
51,2007,22.99493256358073,7062.402468856992
52,2007,113.23850202779508,31772.838024741628
53,2007,140.23615298635153,43107.98706651364
54,2007,133.43086939394297,43588.52984152682
55,2007,41.846637784650554,15081.059315992263
56,2007,24.356342892506525,8852.862782157214
57,2007,102.1545093396267,34269.355762738836
58,2007,251.43482152197228,97009.29419921359
59,2007,94.78422817556209,34812.405969658255
60,2007,34.20082809167102,9236.864464818673
61,2007,76.53617468995874,26946.02145130757
62,2007,54.831566123187926,16322.063028005592
63,2007,12.935547007393666,3534.9345165902896
1,2008,65.4783644344488,22372.455862847448
2,2008,206.1972295559459,69315.24219489362
3,2008,1.4051632230078126,365.8987842484215
4,2008,69.67118468978065,24651.323751986016
5,2008,167.75390475774088,59402.80517705224
6,2008,86.1945649287717,28891.58224592967
7,2008,97.26114343793394,30753.031469012345
8,2008,69.76222579158183,21563.713689050594
9,2008,54.138613332897116,20142.887864533892
10,2008,438.3483330054412,127724.3892871738
11,2008,59.964283066874934,21795.5105772798
12,2008,28.31827016162107,10690.077425054373
13,2008,89.81104543999786,32890.11303690422
14,2008,73.27368689141714,24644.32249659731
15,2008,52.904410503057726,13968.670029630252
16,2008,284.65656041251464,95072.28174350841
17,2008,478.33658818673575,142091.4370984521
18,2008,74.83854947533426,26816.867870146212
19,2008,5.833758218222656,1633.8595222978845
20,2008,75.82243701734167,28773.275503176163
21,2008,143.1758911841038,48807.44838492599
22,2008,104.42001865408204,34265.10337939777
23,2008,114.37571382108068,30423.56501184337
25,2008,1.4478070762044273,310.0761743035664
26,2008,231.74663541929692,74322.50059039872
27,2008,30.16505922745876,8969.329682543277
28,2008,39.297387953257385,13822.113504331184
29,2008,30.723712575010858,8821.888605016831
30,2008,17.238614366113257,5095.074664496917
31,2008,14.41095998345052,4861.35891646773
32,2008,0.5856827074934896,94.2724543822664
33,2008,23.92861187093968,3948.1109940032497
34,2008,107.02913401962026,37708.63540452663
35,2008,70.23130358732641,19559.39245817281
36,2008,49.38972475325737,15850.7777592279
37,2008,111.094546237448,35401.58672991181
38,2008,6.037152881503908,1387.6236378170993
39,2008,171.1755937781838,51929.32565167237
40,2008,75.29392645314459,30286.308292552472
41,2008,27.678697986564657,8982.124674465766
42,2008,0.7037372698632812,98.23635200937521
43,2008,202.62012414176272,73046.3468394059
44,2008,2.35254788749566,808.4181404855906
45,2008,21.675163383921458,7339.369585508913
46,2008,834.3394960116254,227956.39571816093
47,2008,254.60463004325064,97018.2324692424
48,2008,14.99392673026259,5380.341699284693
49,2008,70.04889318749133,27711.630618772622
50,2008,62.924043050223624,20401.78629764762
51,2008,11.691959073083776,3499.1745380480615
52,2008,148.43424347639774,43496.61387183725
53,2008,95.37712861976351,29014.629483662975
54,2008,121.5020539395008,40757.312531888085
55,2008,49.469674279496594,17260.722740153098
56,2008,40.278785822385,15162.74435489098
57,2008,342.9741273303412,148089.65769522727
58,2008,199.27715670945537,77447.93054765821
59,2008,90.93940563022757,37307.83143414906
60,2008,29.47966087670355,7706.234570144643
61,2008,39.72767966339846,13395.12524254883
62,2008,36.01247118664929,10410.350550589803
63,2008,18.11232476802518,5275.241729935955
1,2009,73.56437956427088,27252.068404546884
2,2009,137.84750362160395,46273.26561135974
3,2009,0.9362141247026912,208.41206588149143
4,2009,14.704465015468756,5598.474161385619
5,2009,78.83184094786458,30075.926649861292
6,2009,35.83423834597655,11618.351314177193
7,2009,80.52651532730476,28123.421355146464
8,2009,39.58347441597224,13767.745437308788
9,2009,21.090495399850266,8889.742203141732
10,2009,639.6825659792063,191921.7786176697
11,2009,39.08668485893229,15788.052972127136
12,2009,23.3928623125434,8600.180301146473
13,2009,130.71597833658197,50365.949504563585
14,2009,47.835735795935264,16688.062430126272
15,2009,71.39593763783856,18879.35245315137
16,2009,252.0668245612678,84884.27574308879
17,2009,421.3609293626042,128196.49553095944
18,2009,43.79590541027781,15804.250838305128
19,2009,13.814679315314676,4083.514331336099
20,2009,106.77053877179242,43086.54916051831
21,2009,168.18787979767535,56558.86589209126
22,2009,68.83278500925995,23677.029748598496
23,2009,53.484122176237086,12545.840524229325
24,2009,0.6456839467057292,96.07842230041275
25,2009,1.2224460421310763,259.26406681857276
26,2009,48.36745789629558,15224.31990447072
27,2009,20.443279057656255,5851.424483941806
28,2009,7.640152461221788,2747.766474039357
29,2009,29.23953551536676,8542.514354862162
30,2009,7.939594354316406,2396.997941311927
31,2009,5.0943055563541675,1677.7119395226512
32,2009,0.4685152906901041,106.33870330152268
33,2009,7.279550484381509,1525.8156209592596
34,2009,25.09408677693359,8492.438293396255
35,2009,44.99391735897569,13297.249086459966
36,2009,27.353382524112423,8850.97011137514
37,2009,73.45793371489796,24115.73413621535
38,2009,7.9471443263498225,2135.044340813417
39,2009,77.46445989788204,23257.862307644034
40,2009,56.715150874199104,23750.056223777126
41,2009,14.3373272211263,4797.399110833319
42,2009,0.6457219424500868,119.55971463694885
43,2009,85.90927268480898,32786.25806953387
44,2009,0.0587362203125,7.367938389546883
45,2009,10.196161687194012,3628.8062937248274
46,2009,544.8781280574158,154401.10814329403
47,2009,435.5400889680403,167620.5645452572
48,2009,35.33002536218751,13656.887937973925
49,2009,58.013796701542944,23262.488170178673
50,2009,37.70203303709422,12378.501989553875
51,2009,25.448129742955768,7888.370385009823
52,2009,143.15958988875633,42281.740519432664
53,2009,67.16804577529733,21218.510262169195
54,2009,96.6577319788304,33739.175094217586
55,2009,13.881142206004782,5000.9886570898125
56,2009,24.057421780659723,8301.872923141314
57,2009,44.667362234481345,15417.16523673238
58,2009,205.5074954944855,78992.23128971312
59,2009,62.44028695518666,24180.863852375405
60,2009,51.994423483372465,15146.519643194308
61,2009,28.9347364967253,10718.409321325322
62,2009,21.617187879385867,6727.4485836162785
63,2009,16.916346922480468,4947.516578018789
1,2010,81.70020838821615,32741.20879569856
2,2010,205.89107582127613,69638.862849778
3,2010,1.170113814097222,331.47031664842376
4,2010,15.892611353272576,6101.587778351278
5,2010,278.9214326572398,102178.30748454308
6,2010,42.07612743760198,13482.650035054532
7,2010,73.4161847064974,23533.088697919608
8,2010,60.185164689407486,19733.91482152483
9,2010,46.00449767464846,19052.934927885522
10,2010,542.589073112379,165291.6882911382
11,2010,94.56539085177288,34726.9958108952
12,2010,37.76358898491755,13576.266122031717
13,2010,120.35775313938596,46995.817747966634
14,2010,108.50078487771052,36237.23299758592
15,2010,57.832545809904495,15689.99126242296
16,2010,332.1285968162411,110001.29064436832
17,2010,564.9432412463167,167417.51290168313
18,2010,74.18071538123476,26715.618511020723
19,2010,10.98783244185113,3507.3292096842383
20,2010,76.28852659434898,32623.26959579391
21,2010,190.28910434502143,67719.54536124105
22,2010,128.9667600350953,47113.79200154063
23,2010,37.8661950538585,9948.970552463335
24,2010,1.1742502253407117,309.92759307947154
25,2010,1.5181438304427084,376.95441431175993
26,2010,159.2833836233788,55836.64902118559
27,2010,27.439741605197497,8361.853743456539
28,2010,26.82737805624349,10695.711627012335
29,2010,29.96198969037324,8935.542156258076
30,2010,25.574238501308592,7831.903398059744
31,2010,10.950962675384117,3753.7649446579617
32,2010,0.1756138123546007,35.89867004361119
33,2010,19.5153378439974,4730.6841897866225
34,2010,104.2354427103842,36517.1149538193
35,2010,79.18352626208544,25472.566006919536
36,2010,42.50414811782334,13907.043766341225
37,2010,86.16903781654085,27696.649126611923
38,2010,8.350164671499561,2149.1948509084104
39,2010,98.37217177430749,31037.031294488275
40,2010,59.15692592651035,23609.749670432953
41,2010,13.580792915473088,4820.309927379905
42,2010,0.7034029539474826,203.06631414760253
43,2010,114.33411496480014,45505.84958350552
44,2010,7.287831209401043,1985.29885004532
45,2010,31.6407778458876,11173.71549286358
46,2010,670.0004460175456,177500.23914529852
47,2010,336.18536348809664,127727.97617562812
48,2010,17.491335110894084,6519.30071560685
49,2010,85.04280356176236,35729.991910128694
50,2010,38.24624273632816,12447.356242631417
51,2010,23.876246180703088,7331.48487856396
52,2010,206.47231295112633,62521.9324709889
53,2010,113.88350477809884,35393.816682879995
54,2010,77.0080155073935,26763.086120329775
55,2010,18.02197541257596,6270.675312397504
56,2010,41.4994580783073,15281.830980338009
57,2010,86.23302061226134,30246.402147358756
58,2010,313.3791245414478,117058.11363684996
59,2010,84.37161244424473,35481.26434005771
60,2010,30.211582307434888,8925.100838202128
61,2010,48.719824519813386,17869.95267071003
62,2010,35.28243871421661,11091.741256002071
63,2010,19.484808175787784,5934.1470687018345
1,2011,94.3604368025585,36125.363318468386
2,2011,58.349856742552056,19666.317637698012
3,2011,1.932459075625,608.252639551959
4,2011,36.512371766076384,13363.81441322048
5,2011,198.5423904404408,75059.01552335077
6,2011,15.691871083856336,4880.456730050722
7,2011,85.00738431244345,30598.064269921782
8,2011,22.46383881201391,7366.116239702849
9,2011,165.5183606928342,67677.5112173816
10,2011,311.6845478638573,92610.71698870596
11,2011,28.25420822095703,10477.363674548757
12,2011,15.034152416584199,5461.093690817233
13,2011,79.06830592064671,30885.091091466347
14,2011,45.70877518516274,16340.74225565445
15,2011,77.17719935184685,22552.460225977673
16,2011,133.3443711263281,46134.0043367108
17,2011,332.51997192461295,96203.81287240436
18,2011,68.0982429230425,25588.425887739457
19,2011,16.087201304231773,5851.2013421181155
20,2011,47.48689078656687,20075.67163488698
21,2011,59.398555635143225,21511.221865071857
22,2011,77.46787303032545,27625.54509505388
23,2011,36.41667033400826,9038.992145862456
25,2011,0.1132784689887152,16.627564928916343
26,2011,153.05881516114994,51906.48546367436
27,2011,22.334345679348985,7466.596322105031
28,2011,24.98111688947049,9904.44823352766
29,2011,40.34741285200957,11954.184109863389
30,2011,27.8297855927778,8780.622968451333
31,2011,13.002045388083756,4544.062510736208
32,2011,0.2342061357465277,45.74702605138236
33,2011,10.159555980351564,2168.4011352192124
34,2011,77.1931920937348,26637.54830117306
35,2011,36.50266367284725,12015.073410945995
36,2011,11.180198921792533,3784.0894398085234
37,2011,41.88538168002823,14188.832785219476
38,2011,11.555709889672308,3176.504089007685
39,2011,44.017048904457454,13643.585903324672
40,2011,69.84878846227647,28962.78196340538
41,2011,11.894637603747832,4083.9485519285417
42,2011,2.2296105075238715,500.9181253057641
43,2011,67.38129192741322,27938.258743079445
44,2011,1.3519476829882813,368.0552730106588
45,2011,6.237230300768228,2133.656741128174
46,2011,195.41675037018263,60813.5349845179
47,2011,255.64988111422517,100815.35195769466
48,2011,13.857558438578574,5207.613848808988
49,2011,44.09258240080085,18450.386283587657
50,2011,23.172911683615474,8331.16226418506
51,2011,3.5797176962500004,1093.090729947426
52,2011,143.06883723734143,44045.65403490463
53,2011,119.31063767195096,39191.14840435161
54,2011,53.97637676902128,19417.36610914977
55,2011,32.54750800892359,12181.211742791555
56,2011,38.24920389070096,15251.432319558317
57,2011,66.70529923129557,24121.88224370362
58,2011,191.66766858161031,75320.5645767146
59,2011,115.98414731191642,47632.437685372824
60,2011,12.476324936881507,3775.3389754526343
61,2011,43.77844105536454,16901.11862349287
62,2011,24.335133240312494,7802.577134307144
63,2011,27.0620278744054,8353.07087039256
1,2012,64.17758326359811,23159.84522093066
2,2012,166.29646597379147,57863.916330100015
3,2012,0.7023585837239583,198.1003779207664
4,2012,35.86141411119141,13351.518961634649
5,2012,218.4483642365146,84615.18571191089
6,2012,38.57002177979819,11160.346274735648
7,2012,92.18018412599821,30792.611696031512
8,2012,33.91572940394969,11049.214077134411
9,2012,98.69039003698131,37955.793265001215
10,2012,851.4792675868058,262581.7386411696
11,2012,58.37628271066615,21678.664891649656
12,2012,49.81162813505428,18299.197235000716
13,2012,94.77662156831597,34710.74606055964
14,2012,67.04566809536892,24111.56618080965
15,2012,62.04657490889539,17391.12257361327
16,2012,352.5379761885445,123178.73477853394
17,2012,1372.1463629107416,431629.2714704313
18,2012,149.65576592983305,55679.87052031736
19,2012,21.415681577011703,7042.706933356494
20,2012,71.8383060934397,27201.16204412464
21,2012,178.50201143822684,65560.33945562424
22,2012,140.4162730896811,48876.87426938157
23,2012,121.69512565701378,27606.688309207173
24,2012,0.2349275616124132,68.63570455675394
25,2012,5.114324703990886,709.5811287424666
26,2012,295.7944305549911,94306.31394078916
27,2012,28.07217705755206,8856.211688400335
28,2012,55.89223315575304,20893.546659314277
29,2012,37.427497466614575,11515.426508694953
30,2012,45.07949887374564,14994.320721881591
31,2012,12.825381861302088,4687.721126081709
32,2012,0.1756974677821181,34.74402949204315
33,2012,18.11747864606121,4183.854142434355
34,2012,117.85972524847232,40282.76609029413
35,2012,85.10163864395828,26266.22499972475
36,2012,40.82435954856338,13362.669159139545
37,2012,93.46510114689234,31878.19188255514
38,2012,10.937804437725692,3019.464347887432
39,2012,141.38880875963127,41268.63655121993
40,2012,99.36281469230458,36588.844256823984
41,2012,14.971014818480906,5123.792538836376
42,2012,0.2345897003428819,57.69833424050891
43,2012,193.9056388913798,76880.92803703636
44,2012,1.4106701581879342,391.9450251593557
45,2012,10.841180059989147,3912.0320687622366
46,2012,1107.5854695007315,295017.58204493346
47,2012,316.5928992306036,124146.76467429708
48,2012,33.22548556458552,12365.518662088847
49,2012,71.4154872960655,27350.27290986712
50,2012,58.08574378730902,19086.38665212873
51,2012,24.357713401069844,8142.2816854752655
52,2012,201.5369992198588,65217.57057811168
53,2012,180.66944501189468,43959.376111026104
54,2012,80.55574630092676,28721.605859444684
55,2012,36.075667831862,13264.322467625609
56,2012,41.90060403309245,15709.679186677511
57,2012,104.47915076066631,38340.73898279325
58,2012,191.59349260360904,76568.14487401643
59,2012,130.97367045808397,52941.98726601025
60,2012,40.65435738840932,11874.114319547769
61,2012,37.69063873862414,14855.325579222876
62,2012,27.021636236495223,9050.427683141248
63,2012,31.72443924316623,10129.326367475647
1,2013,68.65861736128691,22674.660525291645
2,2013,74.62390510917957,23785.7103262086
3,2013,0.994555027753906,304.0901342932472
4,2013,18.427506733880207,6532.471359033378
5,2013,189.12215778130812,70580.03340682868
6,2013,23.436880814440112,7480.341798509708
7,2013,36.80425637665582,11430.716024535412
8,2013,9.527425916477862,3213.9106159739135
9,2013,51.6614455328277,21673.271120930087
10,2013,409.67560201668846,121133.35590699426
11,2013,30.123016345468756,10541.927609748762
12,2013,32.21552514072047,12112.725774397564
13,2013,66.52641012654519,25768.70114628689
14,2013,49.34957446909733,16315.747796246204
15,2013,24.092048516673167,6359.67593404765
16,2013,188.18779319936857,63751.35473464647
17,2013,703.7969596518041,214250.7958693936
18,2013,81.10708562613934,29265.07466911969
19,2013,9.867165219733076,3029.9713402465964
20,2013,73.24069260958552,26500.85444118077
21,2013,108.4843519317231,36875.834374703394
22,2013,150.3486399020532,53991.40046220949
23,2013,140.68544054890424,33961.76043549954
24,2013,0.0586756010980902,12.20119802440985
25,2013,0.5570913249544271,56.45397302305921
26,2013,248.03294930339632,80321.19161089422
27,2013,15.080024406881508,4323.187671286604
28,2013,15.953298424937069,5676.033010349888
29,2013,13.334622376000434,3981.3116410011394
30,2013,22.515785893322487,6985.796321918681
31,2013,8.433340860874564,2943.275418801811
33,2013,3.1574524716276033,760.2031757405358
34,2013,81.87353746695968,27393.73008072124
35,2013,54.55067040526037,15599.327402874793
36,2013,35.202177285811665,11007.88034992077
37,2013,90.38082211920589,29510.53170389791
38,2013,4.846043326440973,1390.9169076660844
39,2013,42.90338996124782,11734.9992258233
40,2013,55.808205207102894,18603.81125248545
41,2013,17.58551284427299,5802.422970195941
42,2013,0.1173832611089409,27.37358633707445
43,2013,69.80208894752603,27544.035423193945
44,2013,5.053663238211807,1422.155651180144
45,2013,9.622095096232645,3316.0532790738825
46,2013,652.1645967157118,175767.686174761
47,2013,283.8722142804515,108219.1992016393
48,2013,23.38795531320963,8258.83235956828
49,2013,29.998617167471807,11447.964436967695
50,2013,20.704256618600265,7089.808907552229
51,2013,10.604897816458337,3384.974601038683
52,2013,80.95879608501086,26189.87859527299
53,2013,72.11819765816404,21353.778983376767
54,2013,99.10393840296221,37863.44608194833
55,2013,16.01240880294488,5946.891641638927
56,2013,7.138219734032118,2281.835312609954
57,2013,99.40160771684675,36791.08647949472
58,2013,212.3073765042384,88638.88159047578
59,2013,138.2711024914758,54357.1701351499
60,2013,33.06651561905596,9276.886896968872
61,2013,47.188182851299985,19365.683427091557
62,2013,14.564625591647136,4191.865368462969
63,2013,10.31779626844402,2734.964846466128
1,2014,114.61993976019744,40413.832177237535
2,2014,80.91045477634317,26794.298222626898
3,2014,0.1755535894249131,50.3738695866295
4,2014,37.20474601982853,13614.26417263699
5,2014,151.63650109209624,57658.17620895336
6,2014,23.240682726338974,6237.715675419206
7,2014,98.20629018827461,34433.2200497685
8,2014,14.759888678098944,5241.854076559893
9,2014,56.04424859902778,22548.35119306922
10,2014,649.1486394953683,196630.38031570084
11,2014,40.55780234567709,14061.026344482018
12,2014,31.104255378817292,12279.687154151892
13,2014,34.966900073485235,12694.81616941446
14,2014,74.36751195980679,25184.910842541205
15,2014,25.585085022265616,7076.876970292167
16,2014,298.41417753508864,100415.16861615962
17,2014,760.9247295417322,232902.74071799533
18,2014,265.9586476853317,96163.34627614327
19,2014,3.1135557850477436,739.1898234128075
20,2014,42.16778676278865,16040.56730218676
21,2014,239.59630089653635,82908.01349627195
22,2014,187.03873079900384,63142.373597794394
23,2014,264.64573482415204,62919.699957828765
24,2014,0.0586892482009548,6.2905433427280935
25,2014,1.2724277570399305,240.1057623854732
26,2014,443.2507858454912,151752.51056186308
27,2014,26.824764665540368,8530.779880852197
28,2014,89.38691619369146,34177.42455373135
29,2014,13.827171754079844,3931.0558269064654
30,2014,24.779452460186626,8048.379581765853
31,2014,19.445963597651893,7043.111147721748
33,2014,7.332382102339406,1548.096010322144
34,2014,172.80444899122423,61578.651242970984
35,2014,57.75377522027561,17923.743628878743
36,2014,18.105007012443572,5244.922082776755
37,2014,126.86851884834412,41338.54085573557
38,2014,18.265962095184452,4997.459907974522
39,2014,119.84750950544064,37504.749598262555
40,2014,96.45781086785149,34584.20402137035
41,2014,40.335457888344216,14127.949459517255
43,2014,140.43257510211168,54347.3496463401
44,2014,4.291500411458333,1368.4208690637909
45,2014,27.952455461976985,9722.31077398963
46,2014,989.4014972514477,282128.18075275887
47,2014,449.1251554143413,178138.09003939998
48,2014,37.82068991364792,14306.103531693603
49,2014,61.50573903327043,23028.26842357573
50,2014,26.410820814559475,8781.9773787502
51,2014,5.4497495797460935,1670.8776801479953
52,2014,130.22369758646892,39518.16236680071
53,2014,56.402501100000066,17271.70460004536
54,2014,110.69853636890645,43553.608998912285
55,2014,27.29130696081163,9723.74679013882
56,2014,8.795993314919706,2886.2478254177518
57,2014,86.02061699133905,30101.21480724013
58,2014,212.04133822418405,82583.48355612851
59,2014,129.223291040853,51020.83892486593
60,2014,50.134265944084184,12734.281381837947
61,2014,36.9118569395183,13867.136532298711
62,2014,16.776634157376296,4755.797433277108
63,2014,10.365377058849829,2966.3731287113696
1,2015,80.42079033308814,30828.704726171796
2,2015,78.52359835469827,26624.650783589852
3,2015,0.5847923560959202,188.63144310514903
4,2015,24.326272197875436,9947.489267048924
5,2015,162.43626274355887,65422.61829926817
6,2015,25.668127605883235,7507.222560374184
7,2015,52.982269780807265,19061.602037300025
8,2015,22.324323004906653,8221.087898655038
9,2015,51.293271964492085,21947.907993559787
10,2015,551.3934978076126,175789.71676631356
11,2015,27.15117548091145,10329.626204945822
12,2015,30.463496648344176,12554.873992956567
13,2015,52.52511120424058,22002.04127364808
14,2015,53.405009732015785,19371.76120044847
15,2015,34.867542553606725,9205.574271880665
16,2015,285.99357173771267,100832.40686988688
17,2015,991.0126925628832,315331.1758770452
18,2015,107.83741236210928,41213.248833107486
19,2015,5.208848932736545,1406.2391616172308
20,2015,23.872471710755217,10097.067098236917
21,2015,216.19331405772783,75571.9665028033
22,2015,145.80678201957681,52278.53205891964
23,2015,135.39813064871973,32181.27796079828
25,2015,0.445196418969184,62.9232636691954
26,2015,657.6477861325365,238487.95747082744
27,2015,25.04004519517143,9614.416155914198
28,2015,35.54612412571831,13853.436323054371
29,2015,48.14194328599823,14651.444392806216
30,2015,22.355803023313833,9643.520022583989
31,2015,11.82771086337022,4398.103218845094
33,2015,5.528624324472656,1184.50708410968
34,2015,289.7077372945975,106166.80363717084
35,2015,56.5333823026346,20504.010575935255
36,2015,19.280897434040817,6216.252204811598
37,2015,105.47779659539943,33772.22558777642
38,2015,13.241683395642363,3694.1386157295024
39,2015,145.72769040754125,45961.96912463586
40,2015,49.91098901376737,21303.610799555736
41,2015,5.8625106452669264,2029.797613058032
43,2015,67.58798483161894,26002.536223218915
44,2015,0.8229373934114586,250.6657345288124
45,2015,20.41086451329861,7554.065481891615
46,2015,1390.258547791632,412109.9148056054
47,2015,382.3402529030346,147700.3243830003
48,2015,23.79309647843316,9763.91282027821
49,2015,26.798984685164935,11155.626715098128
50,2015,37.396530015247414,13199.67539087454
51,2015,11.95384804246094,3755.7720870250337
52,2015,90.26439523728072,28050.1517137281
53,2015,58.80954476181209,18476.279923960225
54,2015,378.41753721678737,97643.15539228683
55,2015,12.788361222007383,4162.6357295005055
56,2015,11.54573246545139,4198.718580649227
57,2015,108.84137401406915,31003.028133401625
58,2015,121.66329186962474,47137.551218047425
59,2015,155.109011540623,64327.95270729141
60,2015,68.29914814349172,19028.539104037012
61,2015,27.856058642367632,10444.400640490983
62,2015,37.285935981970475,13359.544778548752
63,2015,12.082011633606768,3382.7927908469906
1,2016,184.20107669855912,75305.61833326695
2,2016,108.23665895359593,39144.7093726858
3,2016,0.058511483891059,13.553205468851768
4,2016,46.4296864484093,16040.596757341436
5,2016,189.44596226026505,73712.49292320368
6,2016,57.69698568970484,17057.200342328902
7,2016,94.29993645484149,38227.42525131622
8,2016,26.979137885488274,10947.29020544492
9,2016,61.07440683589847,26348.726374355585
10,2016,860.9607249338218,268193.07089238724
11,2016,56.13645589883251,20780.539659557722
12,2016,70.32699692593091,28739.239426141034
13,2016,51.46764555034725,19120.88001889792
14,2016,94.66215536110467,33471.42939251525
15,2016,56.5168820391688,14980.15582858552
16,2016,357.8179920090686,128806.41194101458
17,2016,1099.1739080817408,351368.3994841075
18,2016,158.05202590705073,60789.550679176675
19,2016,9.400937108320313,2969.599116057702
20,2016,56.953098083643674,23158.983969230936
21,2016,251.24698891863977,91683.15316210597
22,2016,320.38949170577206,117870.43807255202
23,2016,228.09690411331377,58034.54835096172
24,2016,1.29139321671658,392.1316150824899
25,2016,0.2791234067296007,59.77016187548964
26,2016,720.7303915757013,258724.5126724977
27,2016,40.4872205870029,13788.409526228752
28,2016,78.34269628988503,28085.093832839808
29,2016,60.64120619271708,17696.5701027475
30,2016,35.85611813735892,14572.664760895384
31,2016,34.55134318493055,12145.921559107112
33,2016,16.19607693309679,3238.159208043841
34,2016,251.30081422453833,92896.1050958708
35,2016,94.89648918174912,29610.071590053096
36,2016,41.02859911227863,13223.993248450848
37,2016,181.1327418624151,56305.9237732486
38,2016,21.368886123426655,6044.9564230861215
39,2016,180.17559107316413,58598.335052436305
40,2016,75.17739034671446,33409.17741995457
41,2016,19.38966978297744,6475.770168773164
43,2016,169.83418889016295,67719.4042287791
44,2016,2.1752508907248265,696.2238888520518
45,2016,15.263411569223097,5143.94719880427
46,2016,1388.5299797909863,402278.7817078739
47,2016,563.4737412475632,219149.1466344746
48,2016,49.76442422055118,19810.18174282656
49,2016,133.32431955319663,59979.671490715606
50,2016,64.87314679542325,21594.73853192824
51,2016,29.243853175666224,9373.11704394174
52,2016,98.06339106274307,31350.8949573019
53,2016,196.3235500668316,68052.7099056594
54,2016,175.87883130218935,67563.81921604491
55,2016,35.67553856947482,12939.323169658375
56,2016,23.497443783142366,8942.804070530108
57,2016,465.925898476296,126063.72825519128
58,2016,274.79050349019553,113893.88174777925
59,2016,155.9945779343147,63048.727909114896
60,2016,101.4339150654947,27725.49262738664
61,2016,60.85436401885855,21676.03195435788
62,2016,84.1445550934333,26860.19646673905
63,2016,43.01487145472436,13855.395491196012
1,2017,213.9471780576891,88583.65066006331
2,2017,99.21112609532338,36756.05452783172
4,2017,38.12949566490239,13955.641780517588
5,2017,147.81216189552495,57660.2613846489
6,2017,57.55433419934242,18547.76359482038
7,2017,229.0067632591885,81666.4265215753
8,2017,38.54672822881946,13814.553951474943
9,2017,154.3110525882447,69258.23421249902
10,2017,992.1039078108905,320819.1787105159
11,2017,79.29354606580944,32377.98740379548
12,2017,101.26781837267563,45146.15977943316
13,2017,72.06256894695962,30750.968974773677
14,2017,97.26439821526692,35095.51957424569
15,2017,99.09110992072259,27849.41443343176
16,2017,413.235529726312,152054.49001718714
17,2017,2016.9735424127443,674685.8850827634
18,2017,171.34058191381504,66718.13685086474
19,2017,15.788949565026048,4660.113810722862
20,2017,69.67720502565108,28553.858823052527
21,2017,222.50874835035347,81413.25693997323
22,2017,429.84375409165654,159118.2852225912
23,2017,330.8343322883747,89273.49437358085
24,2017,0.1173182638346354,27.27338326644376
25,2017,1.5599030121093749,265.4349312547087
26,2017,1057.8440801481568,381275.5169788296
27,2017,49.91936536197698,17282.325516690686
28,2017,58.703174811571174,22675.111549427736
29,2017,71.71824485577038,22071.057879084565
30,2017,90.94207430919948,36570.980913054
31,2017,31.268390330425333,12062.573995615128
33,2017,19.34182674759548,4208.581474133081
34,2017,263.8414678643882,96264.98026025471
35,2017,144.68171048279723,44219.90389031405
36,2017,33.84779952780812,11985.685686064864
37,2017,147.33377435867632,49597.42142300335
38,2017,7.045748131176215,1736.4936211350393
39,2017,272.66906744207193,92490.28885428622
40,2017,83.2654069535091,36535.34265087765
41,2017,40.86142476397573,14659.977749273909
42,2017,0.2936064445269097,93.95827996618488
43,2017,164.06711567398258,68566.41393133625
44,2017,8.40672387375216,3213.204017093428
45,2017,36.89314648577255,13528.964360601256
46,2017,1856.459834697003,584699.6117699839
47,2017,633.7935781442596,255177.74289076656
48,2017,44.1983122681944,17872.008761115187
49,2017,75.589072641072,31390.97583476028
50,2017,37.415385098355,14080.8526949632
51,2017,10.839081005371098,3352.8971898306017
52,2017,247.54657344911757,84481.53424583623
53,2017,159.37544305154083,54600.44701916973
54,2017,221.9867326896512,90851.38477277018
55,2017,49.08801346142354,20344.058510425108
56,2017,78.53087862105457,31070.11305426607
57,2017,146.94476110710082,57392.87668491181
58,2017,244.5903656336592,100732.88776121815
59,2017,184.07904841897363,78268.93308944257
60,2017,79.98313949686208,22149.212715017427
61,2017,64.8331878301998,22943.450791819298
62,2017,75.03456074578344,25828.546723373256
63,2017,14.581914222443563,4966.508866263247
1,2018,159.66130745585735,68102.81880703368
2,2018,62.18553335355243,22746.640176834513
4,2018,29.409409700286467,10310.802148590896
5,2018,195.71896130078568,77448.86873696938
6,2018,45.97875169242843,13950.899547322384
7,2018,123.76541083480298,44472.159628030146
8,2018,12.226883225017358,4565.732663774986
9,2018,125.9969531639844,52780.96599251331
10,2018,884.6679126726577,274793.6832189773
11,2018,89.54123551728942,36308.302734687175
12,2018,111.08772321757812,52092.381775295966
13,2018,67.56129408150174,28681.435452548205
14,2018,157.66146508981748,61960.451436257914
15,2018,84.82784089722217,24953.812750697864
16,2018,921.3881005281452,351249.8913132836
17,2018,1870.6324909094865,643847.9735505347
18,2018,99.04592763741095,39160.2835652178
19,2018,8.040639536195748,2619.310592586735
20,2018,112.1273818195638,49983.31374305072
21,2018,260.8223425652583,97859.56566549325
22,2018,528.3795182216902,196000.23150454863
23,2018,292.5059269080543,81650.11531141284
25,2018,2.175898385954861,443.5039215719653
26,2018,1167.8942166131253,428699.69093939505
27,2018,47.00119661141924,15793.869814774567
28,2018,109.51965698488272,42368.40360207938
29,2018,99.82074846013474,31944.060441053647
30,2018,16.052375672673612,5985.236067959566
31,2018,16.339077634268644,5684.359853953046
33,2018,16.18612890666449,3627.993047524888
34,2018,286.32323620873626,104303.96564504335
35,2018,97.90929591398431,30539.96198018638
36,2018,57.02967517929268,18915.766176104975
37,2018,308.70514760715787,107461.50512085068
38,2018,16.348056079032105,3917.3704259175506
39,2018,140.4653204038411,46916.76698504898
40,2018,118.3319996914906,52493.736060009534
41,2018,48.97304362293618,22130.576085600263
42,2018,0.2932080768489583,110.58544796656908
43,2018,181.76357476913847,79433.37963320616
44,2018,2.055971292133247,754.8105068010015
45,2018,43.89299545777342,14669.12340315051
46,2018,2887.175879213077,950161.8722362488
47,2018,453.21798537896854,185524.6798738847
48,2018,34.914260030305975,14185.44221250978
49,2018,114.66520588756993,53826.570369001995
50,2018,107.35979999307298,38719.42549497879
51,2018,15.516048246692687,4803.430575683648
52,2018,180.23295543412033,62932.48465217194
53,2018,191.6566863945747,72985.30188724506
54,2018,542.9356033760047,216142.56684911015
55,2018,69.63376878958121,29367.24864865896
56,2018,50.541310867934,19189.215409656696
57,2018,115.51323735392572,43256.53557256174
58,2018,365.31037665737387,153312.3226165391
59,2018,250.8469030879252,114072.27764702425
60,2018,127.32973022173812,36904.885408092094
61,2018,54.541602298602555,20649.16479429889
62,2018,39.56454534802737,14112.386877057548
63,2018,38.15884729671656,11724.325592805035
1,2019,86.54578874725239,34314.949334745026
2,2019,57.14577655777134,21474.348958519455
3,2019,0.7605687336827257,211.8476130121901
4,2019,29.722719877079015,11696.567847564664
5,2019,146.84955609905143,58194.14806181563
6,2019,49.03117191634551,17966.587738193273
7,2019,95.33505616859374,39610.980415960395
8,2019,7.691992912552086,2838.1710118049073
9,2019,199.3815327322203,82530.92599797659
10,2019,645.1457777247477,199403.31655917736
11,2019,64.2621355582681,25190.828293608716
12,2019,111.14911912541676,52267.71639275434
13,2019,101.28832836618491,41436.60302565598
14,2019,80.50728549467001,29927.56938029231
15,2019,98.86053998494135,28796.204336654275
16,2019,372.5051016163206,143835.9604193874
17,2019,1403.6351475727568,493587.1411347552
18,2019,141.246513395686,58145.26568530862
19,2019,5.1508675252387155,1638.1205219344035
20,2019,103.3986947979124,37715.51177009613
21,2019,219.94211983486127,82984.3273237592
22,2019,566.0831593688762,217329.67500975824
23,2019,194.0847409233604,58190.85807257942
25,2019,0.6688127123871528,73.49968217833818
26,2019,675.23688756463,254290.48435786623
27,2019,43.13840955660809,15360.13650211729
28,2019,98.31913151892165,37200.439947095656
29,2019,69.83133567274521,22251.18119806648
30,2019,16.26749781582031,5762.745992261271
31,2019,31.265949606380225,12491.389126646232
33,2019,46.87897696486546,9857.227367484458
34,2019,318.5738631762907,126116.48596244736
35,2019,60.04172425947263,20158.778440395152
36,2019,26.761554494407555,8941.01194370231
37,2019,114.05256791175776,39818.89859284115
38,2019,40.12387010194665,10886.926528499722
39,2019,214.74837547832067,72861.34419379107
40,2019,151.85012721077047,67437.04246323853
41,2019,31.669524592398055,12160.506849930704
42,2019,0.293729339203559,55.896701984089475
43,2019,196.8790839118276,81874.2285283156
44,2019,6.112871823200956,2052.8061444403975
45,2019,31.880972446447448,11946.758228039516
46,2019,2461.761421585575,790865.1051271136
47,2019,528.1698856055839,217101.35781331785
48,2019,16.18464643269315,6172.4245501871155
49,2019,113.97484100046005,56216.22921309526
50,2019,45.066590495112955,17034.372687298743
51,2019,19.896631382851574,6846.256547397908
52,2019,98.17648120686837,33568.495671447046
53,2019,153.21015238978063,54724.790000738496
54,2019,140.3845048156639,57132.377617199825
55,2019,55.690189072491215,23399.75403249443
56,2019,68.03584785107412,27564.162715102433
57,2019,118.55771365269302,44139.24733929935
58,2019,301.04257632839153,122454.75957271084
59,2019,142.9170030680684,60258.82350162338
60,2019,112.24779906440534,33644.80719911508
61,2019,44.76037670250645,16810.76884708811
62,2019,16.900461539858934,5593.39840523981
63,2019,23.848883850542535,7571.956358911448
1,2020,97.58024181444225,37202.86411092533
2,2020,66.43997493269104,24799.114459146935
3,2020,0.2341746550737847,68.31295007003183
4,2020,29.197937371464796,11120.656281045683
5,2020,192.89041578986544,81483.28313097474
6,2020,80.65974038677744,27696.91237663848
7,2020,105.38084093156044,38973.46482884343
8,2020,37.582064272667,13238.004997907256
9,2020,218.78407834953111,94271.426246279
10,2020,713.165423453894,234185.5438208003
11,2020,79.197210109197,31120.964217628927
12,2020,52.629306875329874,19347.5739578298
13,2020,45.67272787542095,20234.801286643153
14,2020,95.22817725847013,36192.47822347512
15,2020,58.61607889300997,17949.619283445532
16,2020,643.2861274757664,245993.42190878376
17,2020,920.8847725323768,318367.7951933256
18,2020,113.59266366246965,44073.057650037
19,2020,7.526446043168401,2285.0656212254416
20,2020,69.42129785360896,30669.299101424614
21,2020,513.796645537958,200379.55874619223
22,2020,376.7739127672779,139965.9058982231
23,2020,99.83652349375653,26042.02101152996
25,2020,32.51485843792735,6055.276319676909
26,2020,717.0399399942615,266971.51634217525
27,2020,36.63046787461809,12689.906227772073
28,2020,81.34680478433155,31119.12367011404
29,2020,48.788377055705354,16131.695569075306
30,2020,50.22166080963984,19968.68166107666
31,2020,17.216654754581157,7029.506105786978
33,2020,32.04003798145619,7780.549763409505
34,2020,306.25918156350485,120077.45482787969
35,2020,77.40672751774304,28246.69112686252
36,2020,16.846434986770834,5877.1555412060625
37,2020,179.06817801741775,61673.496368191685
38,2020,39.66549224956814,9009.836231234496
39,2020,161.08496722404965,53231.663419578115
40,2020,172.4332425146964,78382.67366200585
41,2020,26.80213992619145,9882.641824026186
42,2020,1.1139799125477432,365.1812273297457
43,2020,189.58161464484124,80271.62242429922
44,2020,4.174467405000001,1525.555900640214
45,2020,26.10083950083989,9518.90119545023
46,2020,1454.804417040723,467036.54095204704
47,2020,459.6730286737808,188704.85557004553
48,2020,50.19953438809242,19034.073184550492
49,2020,117.34112572912765,52281.70109976958
50,2020,107.08873726059008,41194.46993218113
51,2020,10.38164785100912,3325.340914252781
52,2020,99.81358629543868,31226.833324291496
53,2020,121.97203694104172,43842.86048118197
54,2020,143.44341694040145,56966.01572223232
55,2020,24.598177636601577,9448.096908142685
56,2020,52.82789851574437,20804.945814084513
57,2020,155.26484038185103,56149.14708465275
58,2020,418.82815320768754,181290.59447723348
59,2020,244.59730860446217,106084.32952758943
60,2020,93.17432590477415,28015.467976717868
61,2020,31.412799919123216,12277.074034386147
62,2020,14.502730971684043,4893.785433067827
63,2020,27.22358660970269,8288.867695743365
1,2021,118.12904167050148,50957.89040722661
2,2021,118.34970208005412,48250.56367034421
4,2021,108.95323228695956,43730.397985879456
5,2021,133.11828400753697,55699.18440744212
6,2021,26.710391604064665,9760.71932227737
7,2021,109.05281011046011,40450.83518635575
8,2021,18.13629954381076,6739.761170213975
9,2021,177.00377722305953,82576.69217300967
10,2021,462.6823837920813,158807.31598564144
11,2021,101.4333702452126,41564.23514662436
12,2021,95.89220534474815,42941.12496732829
13,2021,49.58675157311414,21686.0723955839
14,2021,86.4104020946592,31491.792010346177
15,2021,91.09765107949,26892.780052567738
16,2021,756.466468321712,284404.98093378945
17,2021,834.9019134893645,272388.63875057554
18,2021,115.16938058498292,47789.350306616485
19,2021,7.022438849270835,1721.1894459107025
20,2021,85.56718517117395,38252.714306712696
21,2021,290.6023357097853,114088.03017927243
22,2021,168.4110000338974,67916.09026474477
23,2021,86.64054997057298,26318.85252641767
25,2021,1.9884257835763888,419.25409659001383
26,2021,642.0053951149821,250230.74045600303
27,2021,33.60271959644315,11226.151705528528
28,2021,58.543888656868425,25280.19814244208
29,2021,100.58557062817708,32635.37572689738
30,2021,36.144491879795986,15364.10213725482
31,2021,24.8268340260612,9888.679343852713
33,2021,38.37612064113933,9663.876411470565
34,2021,163.98973041569243,63461.960855329315
35,2021,85.27889699433594,34042.94270337418
36,2021,25.179714192853755,8834.556996545163
37,2021,123.91993546276052,45286.60882461154
38,2021,20.731308605963548,4193.560038331702
39,2021,211.18918957922557,73531.07564421017
40,2021,47.39180295225917,22544.784694093596
41,2021,17.879302072686656,6410.801763327211
43,2021,285.2802522008252,125104.57295377566
44,2021,5.2871625108854206,2238.666653862031
45,2021,20.514049021792538,7810.646737375951
46,2021,1140.5975672575044,379012.4503322967
47,2021,699.068461734594,293563.19592827244
48,2021,42.073814293914914,18147.127511658513
49,2021,47.86589121064888,21490.150881322275
50,2021,84.94434867642359,33482.19122327284
51,2021,17.47322218307074,6526.188124652181
52,2021,177.71579099449,62794.56773845103
53,2021,218.45885011398417,87625.32249643926
54,2021,169.43882198564603,72454.23173579402
55,2021,78.13365386718756,31814.84807641625
56,2021,72.07092828919058,30800.054958348945
57,2021,101.48208458465496,40128.55095023175
58,2021,300.1141879977764,130053.437194796
59,2021,267.44982578978926,115410.79161165522
60,2021,170.3085290511782,51297.94508317742
61,2021,30.35801509487843,11307.515635900849
62,2021,20.54040888414932,6971.303198326653
63,2021,32.747478152795125,11841.360812309274
1,2022,202.33158407876252,83619.88177157717
2,2022,68.1031584675977,25284.916373098466
3,2022,1.3459533482291668,450.233041538128
4,2022,64.01329056345274,26680.279622686863
5,2022,179.229674899948,82209.5798865601
6,2022,27.27529936165581,9090.0627936018
7,2022,21.190990361054688,7990.417905406752
8,2022,15.82580448818142,5782.923717736874
9,2022,157.24732771228273,68688.61142575736
10,2022,1019.7373106201408,364192.4830179683
11,2022,100.33160522497604,37846.590735171274
12,2022,98.68857599646672,41715.42227739046
13,2022,95.6261413822636,41418.57287818898
14,2022,156.00933795202673,60650.24400890176
15,2022,105.15577240788852,34868.474958145445
16,2022,791.3416281748358,313484.283562318
17,2022,1108.3989640534744,379878.87258301175
18,2022,212.54340567063184,87864.7855801191
19,2022,7.135249372287328,2631.6960222235743
20,2022,130.4220435791665,56749.8320206581
21,2022,290.01414566491127,115864.4885932669
22,2022,324.7299702774612,130526.35046068452
23,2022,106.69285451914509,31886.817529153257
25,2022,0.6113499140321181,107.31348744316173
26,2022,560.8976872251061,218292.11532488657
27,2022,32.27131608667103,12277.947476350464
28,2022,69.10215916039718,25798.901068326355
29,2022,38.90156426467449,12856.506960866876
30,2022,57.33082910750221,22461.20517164024
31,2022,38.825014594194975,16312.956776379127
33,2022,13.836652880907115,3285.1994369853655
34,2022,291.7950736427404,116247.71117196543
35,2022,92.80383690060117,32747.819673940583
36,2022,45.572088992341506,16989.99223516298
37,2022,330.90477297440896,127856.8441652876
38,2022,20.17901875872395,5706.520046186387
39,2022,285.5126142650081,99090.88815718598
40,2022,75.19677616991963,31071.82511931858
41,2022,72.41360964873262,25330.99884997063
42,2022,0.6454560628233507,254.45175036856745
43,2022,247.86117713571835,106495.79650928127
44,2022,2.760674389817708,1069.341986443423
45,2022,36.77451771178172,13910.395039769544
46,2022,2004.590115794776,706977.7282010643
47,2022,840.6030917769114,347666.39789369307
48,2022,29.70014016946396,11392.82269420305
49,2022,78.9507997839193,32778.434440382036
50,2022,70.15759904608709,28980.828059515683
51,2022,16.539785034939236,5491.442316735172
52,2022,174.87883680190552,61112.11641481407
53,2022,337.0396393402016,133372.1965341814
54,2022,187.84367604029515,78549.86439888428
55,2022,156.21147919038384,65165.196429668
56,2022,54.7825027450282,20483.25075907836
57,2022,164.9115125412675,63740.948059727634
58,2022,410.6823046238462,175643.17823940652
59,2022,335.4104401999648,148974.3132670854
60,2022,175.41156548806399,52553.58020788327
61,2022,68.45482277742198,25691.40621367701
62,2022,15.308850488218338,5055.768980002334
63,2022,17.884614108956157,6658.335951051475
1,2023,148.59154392728263,63322.95465955764
2,2023,136.6603148295445,53884.837451936
4,2023,59.28269525983298,25643.962648921686
5,2023,200.40389247465663,87850.58761483918
6,2023,90.09964296981991,29934.19264611269
7,2023,77.91188110231552,30239.80208519201
8,2023,43.839885205779105,17322.30529692993
9,2023,183.7773544356208,80591.43984221604
10,2023,401.93411953948055,146094.90509511216
11,2023,51.36027735994795,23080.6195039229
12,2023,30.967172458626298,12310.055628363552
13,2023,56.28546120551218,24293.363284423685
14,2023,65.43385984347002,25879.745009328904
15,2023,85.09947235841813,28532.70633689385
16,2023,329.3538538723046,134330.30121225584
17,2023,1070.834214889338,386974.9938648732
18,2023,247.90473832348536,104912.52455443956
19,2023,9.453489174398872,3431.444952654616
20,2023,57.85631918044484,27127.231099371264
21,2023,487.43843570376464,197813.54631931425
22,2023,268.97803496404595,110742.6696655952
23,2023,157.41906452013495,47317.22602265236
26,2023,701.7618912198008,280220.1957171122
27,2023,66.67442357779296,25372.822838006017
28,2023,49.91301236307722,20622.741719269172
29,2023,68.16672164737838,22049.498468228063
30,2023,67.08657414722234,25702.17352421972
31,2023,15.101312445855031,6752.765275746638
33,2023,10.393766192400166,2498.5243119487423
34,2023,157.61188913389563,62898.613733624574
35,2023,115.04034238321404,42772.460337263554
36,2023,32.012182148211785,11881.69174264633
37,2023,186.74375331422556,77535.84879663779
38,2023,20.574439905023866,6548.782488182968
39,2023,287.3455995502478,126516.73530050972
40,2023,57.033461645058566,25647.92930457011
41,2023,31.68270181384982,10591.858731718345
42,2023,1.2304014030967885,290.6981374085109
43,2023,198.71322678861836,87364.28435795906
44,2023,4.70287976059028,1914.1219675705645
45,2023,105.00109887516012,39959.84220366334
46,2023,1337.6462649229743,474924.2727778642
47,2023,600.8473498998036,258775.8272827908
48,2023,49.44635318015193,21458.50352525071
49,2023,80.11939526767142,34718.38135959621
50,2023,47.04238680373697,17676.256285240277
51,2023,10.565869072851568,4076.3977996427175
52,2023,68.08407351172961,25353.037341696487
53,2023,288.6282632907682,110617.12672348211
54,2023,141.2892535910981,56585.5657249901
55,2023,105.46124762864648,43735.39079352702
56,2023,45.65342215990666,19426.602784792285
57,2023,152.06392905478523,53268.065549416126
58,2023,231.42939032483145,103442.43481800014
59,2023,140.28288945858088,65921.86396713807
60,2023,197.82928213384133,60322.42365315089
61,2023,29.055915278448374,11827.13276251844
62,2023,27.367488739791646,9359.46243676008
63,2023,44.69578036541444,16681.62834666927
